archivo,clase,area,perimetro,eje_mayor,eje_menor,ancho_bbox,alto_bbox,relacion_aspecto,factor_forma,rectangularidad,relacion_perimetro_diametro,hu_1,hu_2,hu_3,hu_4,hu_5,hu_6,hu_7
1268.jpg,Acer Palmatum,21651.5,1341.124014377594,133.1160208239414,123.6291826580096,226.0,255.0,0.8862745098039215,0.15127249679299534,2.661709350391428,5.934177054768115,3.1043003997212475,7.955948728688928,10.38047360262735,10.945811081369273,11.999999999910974,11.999552782448433,11.999999999977168
1269.jpg,Acer Palmatum,22994.0,1455.0478920936584,138.67963446600587,126.44080955258275,232.0,270.0,0.8592592592592593,0.13648025171539932,2.7241889188483954,6.271758155576114,3.0943875279432596,7.671159384242655,10.423514788024182,10.779964110976628,11.999999999838582,11.999034829317955,-11.99999999998522
1270.jpg,Acer Palmatum,26418.0,1397.248902797699,146.82877597094173,120.8476248732262,230.0,262.0,0.8778625954198473,0.17004436526551475,2.281020516314634,6.0749952295552125,3.1176279958648165,8.153622961429754,10.538283100526353,11.602703511624254,11.99999999999896,11.999962120402119,11.999999999995927
1271.jpg,Acer Palmatum,19786.0,1332.964631319046,132.14099359207194,119.89089278120753,212.0,255.0,0.8313725490196079,0.13993637408282952,2.732234913575255,6.287569015655878,3.0943208842476913,7.826071304139448,10.517536518082412,10.86918237764401,11.999999999896101,11.999392489328715,11.99999999999199
1272.jpg,Acer Palmatum,22567.5,1435.6336793899536,138.74024458948455,127.033460159125,230.0,261.0,0.8812260536398467,0.13759607285983494,2.6600199401794615,6.241885562565016,3.097925745723806,7.949051343110159,10.925713908017721,11.070944963414016,11.999999999971369,11.99972294199034,-11.999999999993493
1273.jpg,Acer Palmatum,21646.5,1366.7219899892807,132.03305102321917,126.44380236393557,223.0,259.0,0.861003861003861,0.1456254182073242,2.6681911625435983,6.128798161386909,3.093148898671693,8.002775541075696,10.527763880465951,10.827507322978015,11.999999999880444,11.999400000606098,-11.999999999987686
1274.jpg,Acer Palmatum,22158.0,1389.106765985489,137.09610423668136,125.7997618365194,219.0,268.0,0.8171641791044776,0.14430094284930448,2.6487950176008663,6.342953269340132,3.0962196230719234,7.6395224806334925,10.414378831359016,10.844621743237466,11.999999999877257,11.999144382752222,-11.99999999996018
1275.jpg,Acer Palmatum,22080.0,1426.2194675207138,138.7557642383732,130.75619906432735,230.0,270.0,0.8518518518518519,0.1364068602856082,2.8125,6.200954206611799,3.0810733425463113,7.694160352240312,10.597187258762705,10.683047270551507,11.999999999834735,11.99878343026076,-11.99999999991082
1276.jpg,Acer Palmatum,21681.0,1340.136204123497,144.50604847851525,125.31989925162524,222.0,266.0,0.8345864661654135,0.15170199551323418,2.723675107236751,6.0366495681238606,3.0881300138439305,7.637848899780833,10.481938381117546,10.610460407354006,11.999999999724603,11.998463254880138,11.999999999948896
1277.jpg,Acer Palmatum,20850.0,1432.7047460079193,144.79872884455858,118.79852215910559,213.0,273.0,0.7802197802197802,0.1276446227854147,2.7889208633093525,6.726313361539527,3.0776513814552997,7.3615479703109425,10.56725057286621,10.557800857010346,11.99999999969489,11.997602073474495,11.999999999980744
1278.jpg,Acer Palmatum,20008.5,1368.6387314796448,135.62183896085835,108.03525900140194,205.0,248.0,0.8266129032258065,0.13422912016812807,2.540920108953695,6.676286495022658,3.088859707972606,7.2559099093063555,10.583552410822257,10.677230615452515,11.999999999808683,11.997972660417023,-11.999999999962519
1279.jpg,Acer Palmatum,18233.0,1345.8519337177277,130.4331126478242,114.6212726016096,197.0,265.0,0.7433962264150943,0.12649502065957172,2.8632150496352766,6.831735704150902,3.0649350716512114,7.352997971649667,10.427626516093328,10.27127510586223,11.999999999012331,11.995245827504894,-11.99999999986075
1280.jpg,Acer Palmatum,20875.0,1259.5676634311676,136.06761014749247,117.69835733905762,217.0,252.0,0.8611111111111112,0.16534586673732277,2.6195928143712575,5.804459278484643,3.104382765965829,7.8292035279944,10.327822946786034,10.887353274984997,11.999999999878254,11.999376261303633,-11.999999999994705
1281.jpg,Acer Palmatum,18926.0,1268.1118216514587,134.11159503143267,103.81107953573645,197.0,263.0,0.7490494296577946,0.1478950360032758,2.7375568001690795,6.437115845946491,3.0702808768077805,6.952972608493016,10.181711163491705,10.399866287880041,11.999999999159416,11.994414671356106,-11.999999999906752
1282.jpg,Acer Palmatum,17252.0,1323.2833935022354,129.73621825891564,104.57537839101994,187.0,255.0,0.7333333333333333,0.1238065406111852,2.7640273591467657,7.076381783434414,3.0606055888005246,6.993722574082287,10.26253877504558,10.257484822153005,11.999999998729667,11.992578996179402,11.999999999941195
1283.jpg,Acer Palmatum,18037.5,1291.5849084854126,124.27833083697656,103.11375412166167,190.0,259.0,0.7335907335907336,0.13587522754639128,2.7282051282051283,6.797815307817961,3.074274207557457,7.125957728144567,10.299175692960414,10.31648422458063,11.999999999011488,11.994437098285154,11.999999999953648
1284.jpg,Acer Palmatum,17036.5,1217.4427733421326,128.57972660474124,99.82047361701406,192.0,230.0,0.8347826086956521,0.14444187901676175,2.5920817069233704,6.340847777823607,3.0884704252411606,7.265611389341447,10.311835712711792,10.640256431996777,11.999999999692712,11.997826302239964,11.999999999987764
1285.jpg,Acer Palmatum,18707.5,1430.1778345108032,149.36419286219507,110.2965905666399,217.0,274.0,0.791970802919708,0.11493320887728391,3.1782974742750234,6.590681265026743,3.027831760585854,7.182255379608313,10.335173181256014,10.127678121266595,11.99999999824358,11.992601220547101,-11.999999999447306
1286.jpg,Acer Palmatum,19933.0,1316.8224960565567,130.19038042900866,121.53612744133943,212.0,247.0,0.8582995951417004,0.14445349579630143,2.627000451512567,6.211426868191305,3.0951874207594723,7.799312200737109,11.049345413010867,10.723191512547407,11.99999999991567,11.999020872993798,-11.999999999961478
1287.jpg,Acer Palmatum,15901.0,1180.371705174446,124.41233343578723,98.15626492359007,178.0,219.0,0.8127853881278538,0.14341570783731666,2.4515439280548392,6.631301714463181,3.0853426278006424,7.3863407238358425,10.350664058802613,10.566705072776717,11.99999999961768,11.998109523185432,-11.999999999980414
1288.jpg,Acer Palmatum,17848.0,1049.9452995061874,131.1450175378386,98.70281210374657,195.0,246.0,0.7926829268292683,0.20345392569591544,2.6876961004034063,5.384334869262499,3.1264070737339793,7.939687780384494,10.625819365171933,11.367452085436852,11.999999999998002,-11.99989379583498,-11.999999999987818
1289.jpg,Acer Palmatum,17706.5,1261.383898973465,135.75881934979398,102.30888241924549,197.0,247.0,0.7975708502024291,0.13984534721394826,2.748086860757349,6.402963954180025,3.077614444282063,7.158297604425832,10.313451422559098,10.522455794238269,11.99999999953142,11.996744011427586,-11.999999999996309
1290.jpg,Acer Palmatum,17267.0,1133.6854138374329,119.03355947483885,110.36095784119038,200.0,222.0,0.9009009009009009,0.1688268957437354,2.57137893090867,5.668427069187164,3.101861338774082,8.081651456497053,10.536507557054138,10.937549699110889,11.999999999923423,11.999616741547296,11.999999999981364
1291.jpg,Acer Palmatum,17883.5,1182.330076098442,134.95506341232624,104.64071715876186,195.0,262.0,0.7442748091603053,0.16076255819756652,2.8568233287667404,6.06323115947919,3.072316101232744,6.952543665044076,10.109928912032537,10.401653054628222,11.999999999086691,11.994446285314474,-11.999999999967734
1292.jpg,Acer Palmatum,16153.0,1108.1706956624985,125.56064505225154,94.27922499482588,184.0,228.0,0.8070175438596491,0.1652912005285177,2.5971646133845105,6.022666824252709,3.0839966185035097,7.947754527336607,11.273538656906865,10.712195668047466,11.99999999993233,-11.999613011591931,11.999999999977538
1293.jpg,Acer Palmatum,16385.5,1188.070189356804,126.36927765852545,102.5538063804801,195.0,227.0,0.8590308370044053,0.1458765100288864,2.7014738640871503,6.0926676377271995,3.088837031015085,7.8271855614784975,10.667730899490241,11.106883528008588,11.999999999965373,-11.999641776845895,11.999999999994888
1294.jpg,Acer Palmatum,13484.0,1169.4844028949738,129.77697214837463,88.89675641316308,167.0,251.0,0.6653386454183267,0.12389099464542859,3.1086472856719074,7.002900616137567,3.0401547199859547,7.189835862206777,11.23539556634137,10.57797653875499,11.999999999930349,-11.998570042095219,11.999999999899611
1295.jpg,Acer Palmatum,17021.0,1209.3422676324844,143.6169696950016,89.26936502098579,170.0,267.0,0.6367041198501873,0.1462502009462855,2.666705833969802,7.113778044896967,3.050261222746261,6.853507821188774,10.878390660957814,11.44062851183629,-11.999999999996547,-11.999815748854724,-11.999999999994538
1296.jpg,Acer Palmatum,15917.0,1268.5971014499664,139.26370977169537,91.18577577190973,192.0,257.0,0.7470817120622568,0.12428641203721323,3.1000816736822268,6.6072765700519085,3.034766581572368,7.022984352869339,10.39390874749436,10.771539464946501,11.99999999991907,-11.997937673268774,-11.99999999984694
1297.jpg,Acer Palmatum,12750.5,990.5899612903595,130.6272801834479,76.06006698039714,145.0,229.0,0.6331877729257642,0.16328610689822529,2.604211599545116,6.831654905450755,3.0489329473748334,6.795009304135791,11.155919180086508,11.5991545533596,11.999999999998051,-11.999736466224071,11.999999999999622
1298.jpg,Acer Palmatum,16467.0,1230.680361866951,141.33307153449613,103.16877858635334,198.0,239.0,0.8284518828451883,0.13662614305490756,2.87374749498998,6.215557383166419,3.0464206287586686,7.39977397744491,10.76726395570306,10.461928227720158,-11.999999999705219,-11.997204899023865,-11.99999999983447
1299.jpg,Acer Palmatum,17413.5,1185.0407520532608,128.62030785902357,99.23874798465819,181.0,233.0,0.776824034334764,0.155822211366754,2.4218566055072213,6.5471864754323805,3.0960235662157034,7.490933350458975,10.639637688201248,11.064771482709578,11.999999999962792,-11.999660209163045,-11.999999999978987
1300.jpg,Acer Palmatum,15068.5,1121.4427734613419,112.4281888862842,104.03167242329376,190.0,212.0,0.8962264150943396,0.150565563224306,2.6731260576699736,5.902330386638641,3.084537441367015,8.125893442284985,10.684721900133647,10.638739804959716,11.999999999804881,11.999184656200645,11.999999999964034
1301.jpg,Acer Palmatum,14672.0,1220.9991221427917,118.17425808287311,104.33348725361384,175.0,242.0,0.7231404958677686,0.12367117269450728,2.8864503816793894,6.977137840815953,3.0333048004529704,7.151425035257481,10.38372687069738,10.025723884014957,11.999999997548535,11.989394806053529,-11.999999999602263
1302.jpg,Acer Palmatum,19217.0,1336.940246462822,129.26125736758868,117.29323563189823,202.0,259.0,0.7799227799227799,0.13510501179088485,2.7224852994744237,6.618516071598129,3.058784420313644,7.155225697097458,10.441412887608427,10.389690179091906,11.999999999389349,11.995463024260102,11.999999999789024
1303.jpg,Acer Palmatum,19738.0,1301.36665225029,128.3366924952681,118.6919718417699,216.0,248.0,0.8709677419354839,0.14645818956411452,2.7139527814368223,6.024845612269861,3.0877453918755844,7.8911342851656014,10.46314768888934,10.739762167536753,11.999999999848415,11.999203220640812,11.999999999904405
1304.jpg,Acer Palmatum,23433.5,1425.148399591446,139.54602735298485,130.09246261073315,227.0,270.0,0.8407407407407408,0.1449862590478557,2.615486376341562,6.278186782341171,3.0922015600773984,7.868204631851761,10.483210367640503,10.903746502968346,11.999999999911234,11.99946551386582,11.999999999965109
1305.jpg,Acer Palmatum,23102.5,1534.5453655719757,138.86260211311395,129.9969050112348,234.0,278.0,0.841726618705036,0.12328475573599124,2.8157991559355047,6.557886177658016,3.0847867345645024,7.747422884372292,10.71960691113669,10.87974230357893,11.99999999992167,11.999292543148151,-11.999999999993735
1306.jpg,Acer Palmatum,21873.5,1370.1778333187103,134.76670380002992,126.3631454627891,219.0,260.0,0.8423076923076923,0.14641118983667012,2.6031499302809333,6.256519786843426,3.0959663837717986,7.7664507558142555,10.549750671050322,10.859593300225173,11.99999999989614,11.99930886126015,-11.999999999996236
1307.jpg,Acer Palmatum,21695.0,1354.9646328687668,135.49336209525174,120.16240231323398,215.0,263.0,0.8174904942965779,0.14849560482181953,2.606360912652685,6.302161083110543,3.09668359473991,7.663984737332025,10.543093111443898,10.75761531807036,11.99999999985943,11.998948759670919,11.999999999940478
1308.jpg,Acer Palmatum,22458.5,1416.1778345108032,137.88861985086007,127.40259376652227,234.0,270.0,0.8666666666666667,0.14071974033870183,2.8131887703987353,6.052042027823945,3.0888365427395232,7.836325744756898,10.351741754985158,10.79336316168611,11.999999999832072,11.9992118637216,11.999999999998465
1309.jpg,Acer Palmatum,21503.5,1304.0945762395859,132.47251336362197,122.50502221847886,218.0,252.0,0.8650793650793651,0.15889156401285298,2.5547469016671704,5.982085212108192,3.1092129006461295,7.97980526031821,10.527452688751577,11.067701385462046,11.99999999995177,11.999666863073786,-11.999999999997101
1310.jpg,Acer Palmatum,20215.5,1401.3494070768356,131.88965410287116,122.73205460091711,221.0,253.0,0.8735177865612648,0.129360439746034,2.7658479879300537,6.340947543334098,3.0894288806765444,7.818287472389861,10.55395664459002,10.840580571257846,11.99999999989634,11.99931246609647,-11.999999999960357
1311.jpg,Acer Palmatum,23302.0,1331.8519344329834,139.66163770654774,130.68097634363235,229.0,265.0,0.8641509433962264,0.165078749470085,2.604282894172174,5.815947311934425,3.1084099018471636,7.951508041101039,10.655187357727032,10.889830114438626,11.99999999992043,11.99945781281636,-11.999999999981004
1312.jpg,Acer Palmatum,23935.5,1481.5748027563095,146.0351052080458,128.69523258701156,239.0,275.0,0.8690909090909091,0.13702670084722726,2.7459213302416914,6.19905775211845,3.1011907805469177,7.839452633495299,10.793114581453743,11.021675588594801,11.999999999959782,11.999574200968086,-11.999999999988175
1313.jpg,Acer Palmatum,24056.0,1437.3910377025604,143.1510552157231,129.7388904203362,227.0,272.0,0.8345588235294118,0.14631316798974214,2.566677751912205,6.3321191088218525,3.098079632155616,7.708651493224918,10.571011074760143,10.780016027751698,11.999999999864363,11.999057577998316,-11.99999999999014
1314.jpg,Acer Palmatum,22025.5,1411.4915424585342,132.43199905989488,121.0596322905059,218.0,263.0,0.8288973384030418,0.138924575893268,2.603073710017934,6.474731846140065,3.1009245564369206,7.835626729160288,10.489810927993284,10.921220225296786,11.999999999911415,11.999424020533755,11.999999999997753
1315.jpg,Acer Palmatum,21322.0,1391.9351937770844,143.68077817030712,119.99290750524591,214.0,265.0,0.8075471698113208,0.13829286425803183,2.6596942125504173,6.504370064378898,3.08850733635006,7.625295417908644,10.502348957785875,10.974071937912047,11.999999999944118,11.999457424270837,11.99999999995547
1316.jpg,Acer Palmatum,21054.5,1249.66816675663,132.49137648824546,123.9447528450176,216.0,248.0,0.8709677419354839,0.1694202749714819,2.5442541974399773,5.785500772021435,3.108183217823476,7.9132528494102345,10.588494872554058,10.976682619735863,11.999999999936453,11.999546460912649,11.999999999993946
1317.jpg,Acer Palmatum,21303.0,1399.2489042282104,134.83937203205895,122.25747277135046,219.0,263.0,0.8326996197718631,0.13672901351925623,2.7037037037037037,6.389264402868541,3.086842786480002,7.721663266088787,10.551355476767089,10.721311258762693,11.999999999832399,11.999020395903626,11.999999999958757
2347.jpg,Cedrus Deodara,1708.0,615.2001397609711,185.85957400682915,7.677076266392044,220.0,205.0,1.0731707317073171,0.056710683219639714,26.405152224824356,2.7963642716407775,1.8659234888855152,3.734583184215916,7.46695383893833,7.791529933460428,11.999841123883558,9.793659538575548,-11.999956307112415
2348.jpg,Cedrus Deodara,2078.5,691.1828919649124,192.24344714124848,6.718677325188344,253.0,222.0,1.1396396396396395,0.054673129388689554,27.02237190281453,2.7319481895846343,1.8687830775606344,3.7388929252448877,7.532691772659368,7.58975943089174,11.999693415760479,9.471786631800844,11.999994758439756
2349.jpg,Cedrus Deodara,2104.5,689.8691861629486,176.08845655309153,8.076296335573627,255.0,217.0,1.1751152073732718,0.055568068319065425,26.293656450463292,2.7053693575017594,1.866824492367757,3.7356048432286504,7.345283931684582,7.4566859384920186,11.999398437120723,9.356351676907293,-11.999970863651246
2350.jpg,Cedrus Deodara,2052.5,671.8691893815994,204.6385723965548,6.471240462616112,243.0,220.0,1.1045454545454545,0.0571378084169116,26.046285018270403,2.7648937834633722,1.8838996302320496,3.768951212031173,7.032618334970899,7.035134645823335,11.996310921290467,8.919563519455057,-11.99999947013073
2351.jpg,Cedrus Deodara,2341.0,729.023515701294,210.51504919482596,6.66643879818903,267.0,236.0,1.13135593220339,0.055351348140687,26.916702263989748,2.7304251524393033,1.861274628104221,3.72358366218895,8.055692197997756,8.122799557617855,11.999973361493963,9.997760458749623,11.999999415351358
2352.jpg,Cedrus Deodara,2705.0,723.1656596660614,274.27350058837254,7.710078631246247,259.0,244.0,1.0614754098360655,0.06499823197028393,23.362661737523105,2.7921454041160674,1.9119742735820782,3.825402497799935,6.808134856552318,6.811650948842865,11.989741228497238,8.724226581583338,-11.999998967021188
2353.jpg,Cedrus Deodara,2623.5,667.8691836595535,203.150421486149,7.797235086875347,242.0,219.0,1.1050228310502284,0.07391083734987519,20.20125786163522,2.759790015122122,1.977600848624039,3.956908139977326,7.845814300939907,7.867919176261577,11.99991817407798,9.847916777500377,11.99999968164912
2354.jpg,Cedrus Deodara,2621.5,772.6631220579147,234.41231369640118,6.847672962401169,274.0,264.0,1.0378787878787878,0.05517970278663314,27.59336257867633,2.8199384016712217,1.8527580756336484,3.7065489681505874,8.840838488739308,9.522940890523309,11.999999957821004,11.93672174077524,-11.999999925930682
2355.jpg,Cedrus Deodara,2558.5,767.1484041213989,281.432357547955,6.106477094037118,272.0,265.0,1.0264150943396226,0.054630668322895294,28.172757475083056,2.8203985445639668,1.8443005616214463,3.689639418820351,7.603585664011291,7.642453892576782,11.999764421429136,9.495601105964006,11.999997752765061
2356.jpg,Cedrus Deodara,2003.5,666.9818884134293,265.1716425261193,4.9584208675746755,239.0,228.0,1.0482456140350878,0.056594096210831314,27.19840279510856,2.7907191983825492,1.8543797331975693,3.709759989044377,7.302135276904666,7.309812500658927,11.998949358085767,9.165308962664167,-11.999999207376879
2357.jpg,Cedrus Deodara,3118.5,735.7514389753342,239.94848079848308,8.788420115413237,264.0,245.0,1.0775510204081633,0.07239246621015889,20.74074074074074,2.786937268845963,1.9581737924444211,3.918259470876712,7.7645796501885584,7.83331480850322,11.999898771821044,9.807723995244237,11.99999768793719
2358.jpg,Cedrus Deodara,3121.0,777.8763326406479,288.8345925871761,7.1627290539290955,274.0,271.0,1.011070110701107,0.0648160434023703,23.791733418776033,2.838964717666598,1.9049520313508406,3.8111218057028395,7.632973117765271,7.647860765660113,11.999776459838367,9.55479853770144,11.999999523765615
2359.jpg,Cedrus Deodara,2962.5,729.6092963218689,208.55230159362904,8.28048345508884,267.0,236.0,1.13135593220339,0.06993386087073576,21.26987341772152,2.7326190873478238,1.9690035151984708,3.939534084792428,8.466128417183624,8.484362076359664,11.999995236671017,10.445579932710453,11.999999986457224
2360.jpg,Cedrus Deodara,2252.5,735.8935704231262,245.42695578318205,6.709514000656084,262.0,250.0,1.048,0.05226905480860965,29.078801331853494,2.808754085584451,1.8240671469082645,3.649380236231863,7.4996290756683734,7.598309268747323,11.9996909907307,9.449585962005349,11.999987635471296
2361.jpg,Cedrus Deodara,1943.5,732.7808737754822,233.38864950710436,8.68311490048358,259.0,245.0,1.0571428571428572,0.04548269166414557,32.64985850270131,2.8292697829169198,1.7870065922354184,3.576788091870612,7.330514695614186,8.005363726092634,11.999952516860608,10.89727853840341,11.999921055158941
2362.jpg,Cedrus Deodara,2465.5,719.2661581039429,213.69324904521434,7.028541144860717,257.0,242.0,1.06198347107438,0.05988742182429447,25.22571486513892,2.7987010042954976,1.8680826149006409,3.73739666864822,7.270617446285461,7.287819654216167,11.998824723538409,9.15927528156523,11.999996795474347
2363.jpg,Cedrus Deodara,2320.0,762.1362138986588,242.03995505649476,8.215481764631944,267.0,259.0,1.0308880308880308,0.05019178633042782,29.807327586206895,2.8544427486841153,1.8186010765174767,3.639451167658442,7.399387836796819,7.696469279496795,11.999759284082717,9.630257909398656,11.999943293110249
2364.jpg,Cedrus Deodara,2771.5,772.805265545845,282.22887985640307,6.345827861674157,274.0,267.0,1.0262172284644195,0.05831558033796679,26.39653617174815,2.8204571735249817,1.8469576024891925,3.694796389814717,8.8448672275675,8.882824185556801,11.999999222954997,10.716639631329139,-11.999999992866496
2365.jpg,Cedrus Deodara,2760.5,738.7220029830933,259.9506263216152,7.6989244378679285,256.0,258.0,0.9922480620155039,0.06356756063510181,23.926100344140554,2.885632824152708,1.9057523695425742,3.8132521332644047,7.5529545625595,7.634912326080017,11.999743799845929,9.562302962100944,-11.999992314945969
2366.jpg,Cedrus Deodara,2388.5,773.6336889266968,280.344612151723,5.589820547209007,276.0,266.0,1.037593984962406,0.05014924080949216,30.737282813481265,2.803020612053249,1.7865578224912873,3.573795093715056,8.19281518262621,8.206970229762149,11.999982987302468,9.992719329265961,-11.999999965186184
2367.jpg,Cedrus Deodara,2383.0,713.7098047733307,192.9475317281877,8.89346670314788,260.0,233.0,1.1158798283261802,0.05878825648936182,25.42173730591691,2.7450377106666566,1.870914605059382,3.7441415928379564,7.852635624106841,8.6754242621872,-11.99999967293366,-10.908190991231184,-11.999995021846901
2368.jpg,Cedrus Deodara,1903.5,693.325032711029,217.25467486339622,5.69282031378121,253.0,226.0,1.1194690265486726,0.04976098672742881,30.038350407144733,2.7404151490554507,1.811790121863529,3.6244174955260013,7.9919527159215535,8.024971330357621,11.999959799770016,9.842766783251948,-11.999999701146802
2369.jpg,Cedrus Deodara,2310.5,723.8935767412186,255.4427758202412,6.299336522602996,261.0,245.0,1.0653061224489795,0.05540722386912995,27.67582774291279,2.7735386082039026,1.82629243337547,3.653634198536622,7.151793203515296,7.168451162104951,11.997966801248388,8.998017303752388,-11.99999472516474
2370.jpg,Cedrus Deodara,1878.0,707.0823873281479,194.8162094609943,5.96130098007138,257.0,228.0,1.1271929824561404,0.04720254476997249,31.201277955271564,2.75129333590719,1.798871948919224,3.598590766050066,7.650700241322672,7.679078368223141,11.99980336096289,9.484981828520446,-11.99999882527878
2371.jpg,Cedrus Deodara,2275.5,706.7808768749237,256.11831982503713,7.152905878033067,240.0,251.0,0.9561752988047809,0.05724230626913618,26.473302570863545,2.9449203203121823,1.8588411478980267,3.7189180216455866,7.841198243428655,7.858442496397862,11.999915000738149,9.721775546718806,-11.99999976215263
2372.jpg,Cedrus Deodara,2117.0,674.9402538537979,228.62067724180156,6.434617072911177,247.0,219.0,1.1278538812785388,0.05839828066859742,25.551724137931036,2.732551635035619,1.8766470337168015,3.7545480958427855,8.140847849595074,8.208779377703712,11.999982055163674,10.097382142482846,-11.999999600770689
2373.jpg,Cedrus Deodara,1927.5,710.7808808088303,224.75971544629613,6.0024409097466345,256.0,237.0,1.080168776371308,0.047943835679729006,31.47704280155642,2.776487815659493,1.8028540374581943,3.606696002076332,7.72194034424412,7.833107651450332,11.99989369846305,9.666846859281968,11.99999487435436
2374.jpg,Cedrus Deodara,2452.5,775.6336889266968,271.48379901018035,5.653055036880501,278.0,265.0,1.049056603773585,0.05122778192628803,30.038735983690113,2.790049240743514,1.8218794238401177,3.6446063231974097,6.89402801791014,6.897790736949325,11.993071986539299,8.720396560322696,11.999998304225052
2375.jpg,Cedrus Deodara,2389.5,781.2905427217484,299.8775661624257,5.466874678461177,280.0,267.0,1.048689138576779,0.04919169238088242,31.286880100439422,2.790323366863387,1.8052857730786203,3.6113529584388346,7.958884659890747,7.967984888286268,11.999949153773747,9.773162412331883,-11.99999994786044
2376.jpg,Cedrus Deodara,2092.0,692.5971056222916,206.7301796726835,6.226832059723468,253.0,223.0,1.1345291479820627,0.05480374029722133,26.968929254302104,2.737537966886528,1.8645031877664062,3.729991977476618,7.264632450994543,7.267611745905335,11.998731180504432,9.132101483462796,-11.999999881539859
2377.jpg,Cedrus Deodara,2215.5,731.1240190267563,203.6816986746723,6.49519052838329,266.0,236.0,1.1271186440677967,0.05208342253030796,28.334913112164298,2.7485865376945724,1.841404836963612,3.6837370340540825,7.474111428635318,7.476442536215717,11.999514939113107,9.317537890941214,11.999999974668778
2378.jpg,Cedrus Deodara,2748.5,741.7514390945435,242.48825680329347,7.533389219003622,271.0,241.0,1.1244813278008299,0.06277530192349125,23.762415863198108,2.737090181160677,1.9151770771617125,3.8316637415421035,7.845916662048032,7.8727844089160905,11.999919547559122,9.791470627063,-11.999999574205594
2379.jpg,Cedrus Deodara,2263.5,753.3494262695312,294.0552270620266,5.909142810086756,272.0,254.0,1.0708661417322836,0.05011842783293726,30.522641926220455,2.769667008343865,1.8154433789217435,3.6318195047557764,7.8917782059678165,7.957743829664061,11.999943104786531,9.787620857412554,-11.999998783406928
2380.jpg,Cedrus Deodara,2431.0,733.650935292244,236.69520716260817,7.242992302909068,259.0,251.0,1.0318725099601593,0.056756534736048116,26.741670094611273,2.832629093792448,1.8696358485187055,3.7409267707501455,7.484168720016978,7.582593872964362,11.999667900456036,9.478473730392162,11.999986785914253
2381.jpg,Cedrus Deodara,2449.5,768.3788591623306,240.51099572056992,8.272459957594235,271.0,259.0,1.0463320463320462,0.052135854153588373,28.65441926923862,2.8353463437724375,1.8573184423128186,3.716807485073837,7.134893773808701,7.22942197846571,11.998321025263662,9.112365864900397,11.999936778826312
2382.jpg,Cedrus Deodara,2539.5,776.0357081890106,229.39454957561657,7.739029533798149,275.0,260.0,1.0576923076923077,0.05299009167405232,28.155148651309315,2.8219480297782202,1.8603767476538904,3.722604970856838,7.5294023768805145,7.701608004706409,11.999791771772037,9.614151690945718,11.999980029912974
2383.jpg,Cedrus Deodara,2501.0,682.4549746513367,198.36416952161497,9.021134040407558,250.0,218.0,1.146788990825688,0.06748007367464394,21.79128348660536,2.7298198986053466,1.9493573703305278,3.9011265975952254,7.154725658921735,7.19277499180622,11.998136647963957,9.152163497672756,-11.999982616741233
2384.jpg,Cedrus Deodara,2449.0,726.4793640375137,263.7553761300421,6.739575283354285,253.0,254.0,0.9960629921259843,0.05831121412668814,26.24009799918334,2.871459936907169,1.858480144020289,3.718212690549964,7.388363653313741,7.41999570687507,11.999349495380176,9.286717901015829,-11.999995408695433
2385.jpg,Cedrus Deodara,2355.5,762.3788533210754,234.85601473296356,9.090151779535917,273.0,254.0,1.0748031496062993,0.05092737479211512,29.438335809806834,2.7925965323116317,1.8138586020717504,3.630027433831624,7.287090952558761,7.5366626581909175,11.999518746562984,9.441243296884062,-11.999915394219924
2386.jpg,Cedrus Deodara,2365.5,685.6681813001633,229.13444470441365,6.734066843297592,250.0,224.0,1.1160714285714286,0.06322732726112573,23.673641936165716,2.742672725200653,1.929735920125483,3.8607677614365494,7.967356248507009,7.973162838527913,11.999950539810905,9.900963199632502,-11.99999997880176
2387.jpg,Cedrus Deodara,2129.0,735.8519421815872,224.6838229879935,9.201732173889871,267.0,240.0,1.1125,0.04940883848489352,30.098637858149367,2.7559997834516374,1.7989901330187699,3.600313712162737,7.259693282071832,7.512107181516182,11.999459708727263,9.400572506641561,-11.999903201406328
2388.jpg,Cedrus Deodara,2332.0,726.68037378788,225.1084287349099,6.537750951206386,264.0,239.0,1.104602510460251,0.05549470515151627,27.056603773584907,2.7525771734389393,1.8644377455141135,3.7299251726900855,8.61085062817507,8.838693706715327,11.99999882799142,10.759561917968163,-11.999999823881291
2389.jpg,Cedrus Deodara,2240.0,689.3422671556473,191.53561189763118,7.852709026985528,259.0,206.0,1.2572815533980584,0.05923631938312855,23.81875,2.6615531550411093,1.9125987004744847,3.827009081088658,7.854781016827661,8.04553083805151,11.999956424446928,10.017890587300448,11.999995084962595
2390.jpg,Cedrus Deodara,2041.0,697.6265394687653,188.9433302110715,6.430897706580319,259.0,216.0,1.1990740740740742,0.05269954686338106,27.410093091621754,2.693538762427665,1.8653778132837953,3.7318150377476504,8.60244573957571,8.737841109253948,11.999998307873458,10.625250919654759,11.999999889572418
2391.jpg,Cedrus Deodara,2594.5,762.8641432523727,238.15869184222524,6.661163092884005,273.0,256.0,1.06640625,0.05602335772192605,26.936982077471576,2.7943741511075926,1.8722295521518686,3.7454390176408476,9.259318632649894,9.36915165106628,11.999999910464604,11.199853526289278,11.999999995779785
2392.jpg,Cedrus Deodara,2457.5,769.6925743818283,285.802187928994,6.904482239820738,279.0,254.0,1.0984251968503937,0.05212772806994296,28.836622583926754,2.7587547468882736,1.8358632817114473,3.6731574321630616,7.401100400443572,7.4779215668572885,11.99947530771958,9.33290360112621,-11.999985761367425
2393.jpg,Cedrus Deodara,2182.5,696.6976107358932,241.0082986123092,7.1887227220835275,259.0,217.0,1.1935483870967742,0.05650351611884694,25.751660939289806,2.689952165003449,1.8693280663610614,3.740153983420093,7.673713151932844,7.730639762503981,11.99983975669537,9.61179522219997,-11.999997274346642
2394.jpg,Cedrus Deodara,2598.0,681.283398270607,198.39344983516972,7.907917314312283,247.0,221.0,1.1176470588235294,0.07033854795934608,21.011162432640493,2.7582323816623764,1.9649797732687442,3.931517801238933,7.572425837212913,7.576767592702882,11.999693638554714,9.541234802522398,11.999999944294121
2395.jpg,Cedrus Deodara,2561.0,741.5087970495224,212.5426611588836,8.830655057808565,268.0,243.0,1.102880658436214,0.0585311189942481,25.42912924638813,2.7668238695877703,1.8686750072011749,3.7396867366311937,7.293431491189633,7.426917349614828,11.99929299438835,9.33564512759163,11.99995454282781
2396.jpg,Cedrus Deodara,2268.0,742.881377696991,223.93065332821232,8.285670989726782,266.0,241.0,1.103734439834025,0.051643298208086386,28.265432098765434,2.792787134199214,1.8336985333614515,3.668840348350644,6.916143007369835,6.934164506225584,11.994036907964103,8.773759760298239,-11.999980932399618
3566.jpg,Citrus Reticulata Blanco,31321.0,872.6904677152634,214.6960878922809,93.87936907276273,272.0,248.0,1.096774193548387,0.5168029916816428,2.1536987963347274,3.208420837188468,3.037317179876262,6.375471742132397,10.841623171722208,11.162470099930063,11.999999999977339,11.998408276763588,-11.999999999999826
3567.jpg,Citrus Reticulata Blanco,26426.0,828.0630509853363,194.19458065623252,88.73379583584543,259.0,232.0,1.1163793103448276,0.48430001427627417,2.273821236660864,3.1971546370090205,3.0412524898172073,6.405580962910888,10.271907274324123,10.567173645952925,11.999999999581393,11.993440548207577,11.999999999976858
3568.jpg,Citrus Reticulata Blanco,29904.5,901.0752428770065,222.29799467719002,90.58987465840208,273.0,267.0,1.0224719101123596,0.4628329762768641,2.437459245264091,3.3006419153003903,3.027773820256584,6.3584174072541595,10.26089505536494,10.458098683867476,11.999999999373465,11.990414653688237,11.999999999978023
3569.jpg,Citrus Reticulata Blanco,31348.5,889.2173770666122,222.83438707367407,91.85550388381743,276.0,262.0,1.0534351145038168,0.4982080572700939,2.3067132398679364,3.221802090821059,3.058555635495725,6.466273790075721,10.397134677350339,10.685354860500789,11.999999999763887,11.995044498940446,11.99999999999249
3570.jpg,Citrus Reticulata Blanco,31854.5,895.7615349292755,220.91172940226602,90.52187019927837,270.0,266.0,1.0150375939849625,0.4988797063523457,2.254626504889419,3.3176353145528723,2.9952654015336333,6.22973523695395,10.102963465500924,10.403404109915533,11.999999999084997,11.987459432477365,11.999999999966017
3571.jpg,Citrus Reticulata Blanco,31859.5,911.477264046669,220.4766144061542,93.6489976754957,265.0,263.0,1.0076045627376427,0.4819002367421428,2.1875735651846386,3.4395368454591284,3.031409243523802,6.3846728294781885,10.051089147790972,10.395432110518362,11.999999999000996,11.989352503902563,11.999999999944414
3572.jpg,Citrus Reticulata Blanco,28965.5,898.5310888290405,232.5021169258465,80.83362059656861,277.0,267.0,1.0374531835205993,0.45084232151614845,2.553347948421398,3.2437945445091714,2.9780372405529745,6.174046323252571,10.180108151389184,10.414479258885512,11.999999999195987,11.987660993247612,11.999999999970411
3573.jpg,Citrus Reticulata Blanco,30628.0,873.3767590522766,224.3910857743685,87.21249641679798,270.0,251.0,1.0756972111553784,0.5045744325983029,2.2126812067389316,3.234728737230654,3.0165906158058773,6.301590478727122,10.440487971526334,10.823799602364957,11.999999999865524,11.996156851138998,11.99999999998645
3574.jpg,Citrus Reticulata Blanco,33065.0,912.3473210334778,211.7583380884918,100.04413088732392,275.0,262.0,1.049618320610687,0.49918093338085234,2.179041282322698,3.3176266219399193,3.0350475434283677,6.391607172795849,10.093471768254673,10.402525140923059,11.99999999907389,11.989911252920594,11.99999999993055
3575.jpg,Citrus Reticulata Blanco,35174.0,924.3473207950592,226.48185633732342,100.66168779940558,279.0,264.0,1.0568181818181819,0.5173223595335947,2.0940467390686304,3.3130728343908933,3.0489804940954777,6.437724364773321,10.432775933416933,10.748738853233363,11.999999999820716,11.995617997487058,11.999999999986693
3576.jpg,Citrus Reticulata Blanco,39307.5,953.903670668602,227.72937440907793,111.72706699810928,280.0,271.0,1.033210332103321,0.542845506415814,1.9304204032309356,3.4067988238164357,3.0692121658592995,6.518567942783417,10.613827615348422,11.079717361193188,11.99999999995905,11.99866002997521,11.999999999992845
3577.jpg,Citrus Reticulata Blanco,36096.5,944.1046820878983,226.732014170915,104.31303362655599,283.0,263.0,1.0760456273764258,0.5089025826686557,2.061945063925865,3.3360589473070608,3.0552037615636203,6.476623958252042,10.271195819285884,10.60149636638624,11.999999999629367,11.994181822649068,11.999999999985198
3578.jpg,Citrus Reticulata Blanco,34304.0,938.4894556999207,233.5769245612674,98.17971205587742,284.0,273.0,1.0402930402930404,0.48943591250328833,2.260144589552239,3.304540336971552,3.0445647378821485,6.419704030222095,10.3644063965732,10.593055761122729,11.999999999657538,11.99350993955721,11.999999999988074
3579.jpg,Citrus Reticulata Blanco,41420.0,978.8326028585434,223.12400209860883,123.27978848943569,279.0,277.0,1.0072202166064983,0.5432542165695613,1.865837759536456,3.5083605837223777,3.1163558158451896,6.849147494737109,10.267720103032985,10.773027058930516,11.99999999980187,11.997683489628335,11.999999999974543
3580.jpg,Citrus Reticulata Blanco,37133.5,936.2468168735504,229.07350757999058,102.35881091471803,285.0,270.0,1.0555555555555556,0.532347282042411,2.0722528175367256,3.2850765504335104,3.0043942794242513,6.254564968529031,10.284613735418455,10.658641992058653,11.999999999704642,11.99357297274483,11.999999999967836
3581.jpg,Citrus Reticulata Blanco,37856.0,968.146311044693,232.7595577387747,105.49745442722777,288.0,275.0,1.0472727272727274,0.507531026736023,2.0921386306001692,3.3616191355718508,3.0389198949209684,6.3921627847427,10.472360257794461,10.98093431524398,11.999999999929898,11.99807431883139,11.999999999983011
3582.jpg,Citrus Reticulata Blanco,33332.0,916.8914787769318,221.23433030669088,97.188796213221,272.0,271.0,1.003690036900369,0.4982362979962512,2.2114484579383173,3.370924554326955,2.9840068158470983,6.1951544465623405,10.032400466520333,10.402111830196784,11.999999999004812,11.987464952716932,11.999999999917016
3583.jpg,Citrus Reticulata Blanco,36558.5,958.388951420784,239.9611296647855,99.77658636924797,288.0,274.0,1.051094890510949,0.5001665404897309,2.158513068096339,3.3277394146555,3.0458959891512944,6.415032059797213,10.632145168103925,10.878560449609731,11.999999999912356,11.996780380860375,11.999999999996124
3584.jpg,Citrus Reticulata Blanco,33059.5,919.0752452611923,229.94517009495982,92.99856139680334,276.0,272.0,1.0147058823529411,0.4918175333544604,2.2708147431146872,3.3299827726854794,3.0139351486186454,6.291930034169174,10.511904165054398,10.75378802434445,11.999999999839336,11.994882077433733,11.999999999998805
3585.jpg,Citrus Reticulata Blanco,34817.5,914.7320984601974,227.3460502460951,95.90162195578341,283.0,269.0,1.0520446096654275,0.522901166074371,2.1864579593595175,3.232268899152641,2.9906511986617916,6.205225402622715,10.2266057239238,10.53876273976214,11.999999999510607,11.990609775683701,-11.999999999991449
3586.jpg,Citrus Reticulata Blanco,32908.0,926.7737257480621,231.02932037947045,91.97477575400768,281.0,271.0,1.03690036900369,0.4814641187772203,2.3140573720675826,3.2981271378934593,3.004265816543104,6.268248275870278,10.182026959357561,10.509568411154426,11.99999999942878,11.991632582778555,11.999999999963586
3587.jpg,Citrus Reticulata Blanco,31547.0,910.8326050043106,223.8738135088604,90.45847847562439,285.0,263.0,1.0836501901140685,0.4778491221991345,2.375978698449932,3.1959038772081074,2.9891760693283986,6.20905456919252,10.16618757641707,10.43154058283935,11.999999999231152,11.988105026462268,11.999999999963318
3588.jpg,Citrus Reticulata Blanco,34362.5,952.4478257894516,229.94514461334035,97.4306143333552,280.0,272.0,1.0294117647058822,0.47600578121716536,2.216369588941433,3.40159937781947,3.007402915804701,6.275759797632453,10.212072191662125,10.5395724761546,11.99999999950397,11.991342110536504,11.999999999980115
3589.jpg,Citrus Reticulata Blanco,31735.0,916.2051861286163,217.37849515591464,93.39709619749964,277.0,263.0,1.053231939163498,0.47507576371134075,2.295604222467307,3.307599949922803,2.989695407729173,6.2224955744870485,10.11237947153354,10.420362022298404,11.999999999150457,11.98830050704378,11.999999999925649
3590.jpg,Citrus Reticulata Blanco,36726.0,938.9747371673584,239.00916071617422,98.08145928895023,286.0,275.0,1.04,0.5234505713578943,2.141534607634918,3.2831284516341204,3.0202741627856184,6.312201597359575,10.283377812385368,10.58206912765656,11.999999999608416,11.992512964843202,11.999999999979673
3591.jpg,Citrus Reticulata Blanco,35526.0,946.4894580841064,239.2454610332242,96.33856517835939,287.0,278.0,1.0323741007194245,0.49833869789808155,2.2458481112424704,3.297872676251242,3.0163536736333803,6.310346389966328,10.147120677934597,10.412698469174321,11.999999999158755,11.98873041891636,-11.999999999980671
3592.jpg,Citrus Reticulata Blanco,36349.5,932.4478261470795,224.871716902104,104.98800154660532,285.0,259.0,1.1003861003861004,0.5253626861185686,2.030701935377378,3.271746758410805,3.0596816792779506,6.504534698469119,10.202087157196612,10.627870621464401,11.999999999635133,11.995144865160963,11.999999999974522
3593.jpg,Citrus Reticulata Blanco,32327.0,916.9158639907837,242.29333977639584,87.7372675947912,286.0,272.0,1.0514705882352942,0.48318817108291534,2.406409502892319,3.2059995244432997,3.0236304822008964,6.326205790244388,10.56930537303414,10.714654435925862,11.999999999826914,11.994624285165141,11.999999999999526
3594.jpg,Citrus Reticulata Blanco,32246.5,908.5899626016617,224.24597613446713,94.96284223974133,272.0,264.0,1.0303030303030303,0.49085879645156094,2.2268463244073002,3.340404274270815,3.034988187057385,6.384072868096572,10.382585734689242,10.742844839432637,11.999999999805757,11.995828624792304,11.999999999983798
3595.jpg,Citrus Reticulata Blanco,32555.0,914.9747381210327,231.73280680559668,92.30516854773084,281.0,272.0,1.0330882352941178,0.4886628869799275,2.347780678851175,3.256137858081967,3.0278697307156666,6.346554266854508,10.264529308034163,10.501384864323105,11.999999999465206,11.99119573323373,11.999999999982775
3596.jpg,Citrus Reticulata Blanco,34644.0,940.8326027393341,232.78361397980743,95.10876791534521,285.0,275.0,1.0363636363636364,0.4918279173216078,2.2622965015587115,3.301167027155558,2.9994265606705626,6.241474527470922,10.193496258345185,10.489380082278032,11.999999999393841,11.990105682690851,11.999999999969651
3597.jpg,Citrus Reticulata Blanco,37685.5,947.0508592128754,217.61532502905212,114.4662375167892,270.0,275.0,0.9818181818181818,0.5280043991056519,1.9702538111475236,3.5075957748625015,3.0491185544947177,6.484895080037599,9.899258132729424,10.371589777605019,11.99999999871283,11.990489013441474,11.999999999826821
3598.jpg,Citrus Reticulata Blanco,42886.5,957.6193997859955,218.54104305598983,127.14625022120197,285.0,261.0,1.0919540229885059,0.587684988464076,1.734461893602882,3.3600680694245457,3.092274898713857,6.706402226858924,10.090064892656615,10.777517066702572,11.99999999978017,11.997823235711127,11.999999999899178
3599.jpg,Citrus Reticulata Blanco,33561.5,940.8742318153381,238.78209862759812,90.5063663161327,286.0,278.0,1.0287769784172662,0.47641790836792175,2.369024030511151,3.289770041312371,2.9995683109104547,6.244346738092781,10.216502978491194,10.477099176682275,11.999999999382831,11.989597211686599,11.999999999992237
3600.jpg,Citrus Reticulata Blanco,35267.0,931.175751209259,227.0390247292302,98.64328688195158,282.0,273.0,1.032967032967033,0.511110809432852,2.1829472311225793,3.3020416709548193,2.992515772191646,6.2277749456549225,9.920907660082902,10.233723348465249,11.999999997942806,11.981602683052825,11.999999999911898
3601.jpg,Citrus Reticulata Blanco,33281.5,930.2468150854111,231.79783082462183,93.06097841267842,280.0,274.0,1.0218978102189782,0.48329952932955245,2.3051845619939004,3.322310053876468,3.000942625339357,6.256256268125058,10.011323863901318,10.31393875687099,11.999999998603016,11.984906603349511,11.999999999955474
3602.jpg,Citrus Reticulata Blanco,30805.5,910.3889523744583,231.9219376347352,84.1952483442504,278.0,268.0,1.037313432835821,0.4670723606995375,2.4185291587541187,3.27478040422467,2.9811039212807198,6.180665009117734,10.241419776197173,10.483322986034073,11.999999999414218,11.989031017202665,11.999999999974774
3603.jpg,Citrus Reticulata Blanco,34844.5,933.6193996667862,223.20270005647333,101.37458577288984,282.0,259.0,1.0888030888030888,0.502347640064838,2.0961127294121025,3.3107070910169725,3.048776572856408,6.441875735469477,10.379053500240515,10.778297550188444,11.99999999982924,11.99639183381764,11.99999999998039
3604.jpg,Citrus Reticulata Blanco,33859.5,913.5605249404907,228.73770458759088,97.85693878693529,282.0,268.0,1.0522388059701493,0.5098186913795094,2.232047135958889,3.239576329576208,3.061759856060135,6.469297482617296,11.140209890613477,11.320233777268149,11.999999999992022,11.999053583921148,11.999999999999671
3605.jpg,Citrus Reticulata Blanco,27855.5,907.7026594877243,224.15718013539072,83.0585613249772,281.0,270.0,1.0407407407407407,0.42484802785057685,2.7236990899463303,3.2302585746894104,3.0067708628139784,6.272187859929956,10.463270355561804,10.655855686236889,11.999999999756922,11.993709495829936,-11.99999999999695
3606.jpg,Citrus Reticulata Blanco,43821.0,973.376758813858,225.17801985318195,122.71296857402643,279.0,279.0,1.0,0.5812061526952801,1.7763401109057302,3.4888055871464445,3.079374661551267,6.6011862453151435,10.112059123080268,10.680331326442523,11.999999999668518,11.995974351351927,11.999999999944556
3607.jpg,Citrus Reticulata Blanco,27489.0,756.0630522966385,165.99969408857356,100.45357097622264,284.0,155.0,1.832258064516129,0.6043002512656968,1.6013678198552148,2.662193846114924,3.110814187824665,6.763252570379181,10.501619313825561,11.101507594013555,11.999999999956382,11.998775412823221,-11.999999999999304
3608.jpg,Citrus Reticulata Blanco,31008.5,853.3351300954819,203.63392974588,95.49884959222022,267.0,237.0,1.1265822784810127,0.5351202332079772,2.0406985181482495,3.196011723204052,3.028161099819229,6.343939929902341,10.264202588392907,10.618434492118974,11.99999999964815,11.993320276379801,11.999999999997563
3609.jpg,Citrus Reticulata Blanco,30819.5,915.2762528657913,210.52556072541407,90.52197268653893,284.0,244.0,1.1639344262295082,0.46230763247473444,2.248446600366651,3.222803707273913,2.9902628436930137,6.225896201526918,10.03271350014179,10.374380654814205,11.999999998899604,11.986809932030528,11.99999999995634
3610.jpg,Citrus Reticulata Blanco,31738.0,903.5188953876495,229.27150253574908,91.28502110491623,276.0,259.0,1.0656370656370657,0.4885566633628848,2.2523158359064843,3.273619186187136,3.0394709094391894,6.397638989337457,10.47924390828842,10.712281330051308,11.999999999805679,11.995005265383366,11.999999999996037
3611.jpg,Citrus Reticulata Blanco,33279.5,909.8204120397568,209.35083815810245,100.14198903931357,271.0,259.0,1.0463320463320462,0.5052139159270487,2.1090761579951622,3.3572708931356336,3.027971070303365,6.355068103806462,10.20956291534525,10.556546443736622,11.999999999531996,11.992826305301202,11.999999999977803
3612.jpg,Citrus Reticulata Blanco,34062.0,926.2051850557327,228.06699605050267,97.13875385241464,280.0,267.0,1.048689138576779,0.4989598411631606,2.19482120838471,3.3078756609133313,2.9957124807881432,6.241149608932254,9.997404879238543,10.382447209876364,11.999999998896596,11.988102074933387,11.999999999838566
3613.jpg,Citrus Reticulata Blanco,34190.0,928.004175901413,231.0166390111327,94.14184776176852,283.0,268.0,1.0559701492537314,0.49889494535944146,2.2183094472067855,3.279166699298279,3.011791128426342,6.283581595794074,10.423574039065086,10.740757199437345,11.999999999813467,11.994930863968923,11.999999999985096
3614.jpg,Citrus Reticulata Blanco,32968.0,923.0336118936539,224.55415897395443,92.16925666945568,279.0,271.0,1.029520295202952,0.4862587547761298,2.2934057267653483,3.308364200335677,2.978497339827692,6.170109240792098,10.383930297776025,10.778493297162436,11.999999999831271,11.995025668122699,11.999999999973666
3615.jpg,Citrus Reticulata Blanco,39846.5,961.7615349292755,223.12913161440844,116.12646746247171,284.0,273.0,1.0402930402930404,0.5413339149434344,1.9457668804035486,3.386484277919984,3.072748164774441,6.531585244831747,10.997470802001962,11.210651861319041,11.999999999984732,11.99885032363779,11.999999999998924
2424.jpg,Ginkgo Biloba,25586.0,747.8965306282043,138.9676713191777,114.57491067528703,235.0,162.0,1.4506172839506173,0.5748164952063581,1.4879230829359806,3.182538428205125,3.1408162133411723,7.24203252902535,10.038930608965476,11.448076019861123,-11.999999999984041,-11.999743675540396,11.999999999994277
2425.jpg,Ginkgo Biloba,32639.5,845.8792854547501,165.0780473556372,125.2849135782617,259.0,189.0,1.3703703703703705,0.5732401246337817,1.4997472387751039,3.2659431870839772,3.1381057937490784,7.15866774281586,10.135311472046439,11.389530671069,-11.99999999998458,-11.99971900846462,-11.999999999987368
2426.jpg,Ginkgo Biloba,30047.5,776.5655771493912,151.70741139402188,125.99107498772483,239.0,200.0,1.195,0.6261262858200342,1.5908145436392378,3.249228356273603,3.143743483480327,7.092573441044436,10.271822309885442,11.517171293287115,-11.999999999995921,-11.999861322913851,-11.999999999991793
2427.jpg,Ginkgo Biloba,35135.0,899.0092289447784,159.82040701987967,136.89872796615023,256.0,209.0,1.2248803827751196,0.5462878251622949,1.5228120108154262,3.511754800565541,3.1625636367706713,7.490169463162163,10.370724825829592,11.801226526917372,-11.999999999999028,-11.999962295624655,11.999999999999233
2428.jpg,Ginkgo Biloba,38205.5,826.3300782442093,174.11471389216362,142.0910455812575,284.0,231.0,1.2294372294372293,0.7031186687539694,1.7171349674785044,2.9096129515641174,3.1721981041786314,7.444606757877588,11.409353652007555,11.981706906262572,-11.999999999999998,-11.999998167044366,11.999999999999993
2429.jpg,Ginkgo Biloba,38588.5,1090.898616194725,164.42267607069897,143.35234400333326,280.0,261.0,1.0727969348659003,0.40747313386655787,1.8938284722132241,3.8960664864097323,3.1433118489975813,7.375480693263712,11.291775542121654,11.864385684309656,-11.999999999999995,11.999987555552819,11.999999999999805
2430.jpg,Ginkgo Biloba,40503.0,886.1219263076782,192.26120537890634,138.23467789189152,289.0,193.0,1.4974093264248705,0.6482015872555327,1.3771078685529468,3.066165834974665,3.1351424146917077,7.079538858865854,10.115515824440086,11.339568948006312,-11.999999999974722,-11.999554621697444,11.999999999996376
2431.jpg,Ginkgo Biloba,41626.5,938.222431063652,186.0525694360333,139.9304165804383,285.0,205.0,1.3902439024390243,0.5942485583104019,1.403553025116212,3.292008530047902,3.153555589085841,7.258793686220978,10.342526163925735,11.641872109524343,-11.999999999996776,-11.999891307645527,-11.999999999997312
2432.jpg,Ginkgo Biloba,45233.0,871.460019826889,178.02261860329716,161.99018585241515,288.0,248.0,1.1612903225806452,0.7484629744628218,1.5790241637742357,3.0259028466211424,3.1816990856566427,7.645600490204117,10.726738082531897,11.931228237746124,-11.999999999999964,-11.999995498597501,-11.999999999999876
2433.jpg,Ginkgo Biloba,37779.0,942.0386656522751,165.93979518186708,139.49367845219726,265.0,215.0,1.2325581395348837,0.5349619150166983,1.5081129728155853,3.5548628892538683,3.153580042781937,7.398870882736125,10.229868490212652,11.674381239454592,-11.999999999996263,-11.999912679886624,-11.999999999998892
2434.jpg,Ginkgo Biloba,40562.5,861.8204097747803,178.1078993984405,146.24984642085954,283.0,237.0,1.1940928270042195,0.6862795034248017,1.653522342064715,3.045301801324312,3.1700856189734123,7.366502363577257,11.16430346027762,11.887743849180664,-11.999999999999883,-11.999979706048938,-11.99999999999988
2435.jpg,Ginkgo Biloba,40705.5,865.0508575439453,192.31525225524885,138.1129943877476,289.0,214.0,1.3504672897196262,0.68356477639531,1.5193524216629202,2.993255562435797,3.1587729641831945,7.156050410218453,10.63905444961999,11.772872311148724,-11.999999999999448,-11.999947088170941,-11.999999999998982
2436.jpg,Ginkgo Biloba,42995.5,865.6782751083374,188.1401883403703,145.20079712031543,280.0,221.0,1.2669683257918551,0.7209743770066874,1.439220383528509,3.091708125386919,3.1629735533516317,7.293953264517902,10.395489170259102,11.597595352129693,11.99999999999902,11.999999522497959,-11.999999999994968
2437.jpg,Ginkgo Biloba,45245.0,1115.945299744606,190.15069065414934,146.30395639301761,285.0,269.0,1.0594795539033457,0.4565566174324181,1.69444137473754,3.9155975429635297,3.1285826601012325,7.086460393449733,10.214143359891375,11.384679124024904,11.999999999997277,11.9999946093505,-11.999999999981615
2438.jpg,Ginkgo Biloba,39394.0,877.9209152460098,185.71728556127994,137.71375430580636,283.0,219.0,1.2922374429223744,0.6422870317472371,1.573259887292481,3.1021940468056886,3.146106509135355,7.152148196529824,10.220224766774553,11.569452445148563,-11.999999999994825,-11.999877182328492,-11.999999999994746
2439.jpg,Ginkgo Biloba,42297.5,894.0214198827744,189.122531791561,147.6398701232157,288.0,219.0,1.3150684931506849,0.6650108249279875,1.4911519593356581,3.104241041259633,3.14512569021852,7.216730591412513,10.12143527194542,11.392386674326758,-11.9999999999863,-11.999733994808777,-11.999999999985434
2440.jpg,Ginkgo Biloba,38224.0,849.0924881696701,182.80479684625345,135.05402564807167,279.0,205.0,1.3609756097560977,0.6662481236653666,1.49631121808288,3.043342251504194,3.155417919770914,7.214299714988639,10.330081368448814,11.628090252521746,-11.999999999995502,-11.99985865086172,-11.999999999998892
2441.jpg,Ginkgo Biloba,33340.0,811.6366430521011,164.36195290425337,128.24286499402217,256.0,200.0,1.28,0.6359927539319398,1.5356928614277146,3.17045563692227,3.1468754954597764,7.101805063158119,10.28491461807106,11.517037350678635,11.999999999997616,11.99998533300947,-11.999999999991289
2442.jpg,Ginkgo Biloba,40100.0,868.2640620470047,179.93831951011714,148.0380150712985,272.0,236.0,1.152542372881356,0.6684217686975492,1.6007980049875312,3.192147286937517,3.1423175203781866,7.274266538013535,10.003868975102455,11.307295904999329,-11.999999999980684,-11.999765051505484,-11.999999999972637
2443.jpg,Ginkgo Biloba,37500.0,854.7493413686752,179.7712304917002,137.60148243660024,254.0,234.0,1.0854700854700854,0.6450057438696525,1.58496,3.365154887278249,3.147190659512675,7.294185871681261,10.147710934415986,11.344654179752295,-11.999999999990099,-11.999868453040426,-11.999999999978085
2444.jpg,Ginkgo Biloba,45883.5,938.246816277504,207.0152092842456,141.93563544570122,282.0,262.0,1.0763358778625953,0.654986281238498,1.610252051391023,3.3271163697783828,3.1323210415179803,6.945605056751879,10.266238148385915,11.301980456940017,11.999999999990868,11.999879233878108,-11.999999999976481
2445.jpg,Ginkgo Biloba,38948.5,838.364565372467,181.14774054966847,136.66101995448446,260.0,237.0,1.0970464135021096,0.6963615329883255,1.5820891690308998,3.2244790975864115,3.145910608807705,7.083069701991268,10.263752167726341,11.37267295883749,11.999999999988438,11.99979854969108,-11.999999999985533
2446.jpg,Ginkgo Biloba,36111.5,830.4478260278702,169.85403890178767,140.3888572857547,255.0,251.0,1.0159362549800797,0.6580072632677018,1.7724270661700565,3.2566581412857656,3.164056037493841,7.351101251698637,11.216773008901248,11.915796481649263,11.999999999999922,-11.99998053452654,-11.999999999999943
2447.jpg,Ginkgo Biloba,39459.0,852.4061967134476,179.75154836780962,139.48201468961867,265.0,234.0,1.1324786324786325,0.682437278527427,1.5715045997110926,3.216627157409236,3.152923968093368,7.140634212533697,10.360846537662932,11.556893748159586,11.999999999999934,-11.999961062943543,-11.999999999993305
2448.jpg,Ginkgo Biloba,37180.0,845.5777726173401,169.7513519368108,139.73459776483418,274.0,212.0,1.2924528301886793,0.6534496547323497,1.5623453469607316,3.0860502650267887,3.1669469613767323,7.355831136017332,10.517907518543685,11.829346181405116,-11.99999999999934,-11.99995828618461,11.999999999999575
2449.jpg,Ginkgo Biloba,41209.0,881.0336141586304,190.93856382682364,132.18693853308653,280.0,241.0,1.161825726141079,0.6671400037192927,1.6375063699677255,3.1465486219951084,3.1284529938211723,6.890203580407054,10.30139012071702,11.364300331317791,11.99999999999045,11.99982633508965,-11.999999999984272
2450.jpg,Ginkgo Biloba,44200.0,926.4305822849274,206.0812282966355,138.65580980885727,282.0,262.0,1.0763358778625953,0.6471521036614917,1.6715837104072397,3.2852148307976146,3.127827695968392,6.9050242603097285,10.235747934262426,11.366549411047165,11.999999999999806,-11.999895621819983,-11.999999999980327
2451.jpg,Ginkgo Biloba,44673.5,1054.305692076683,190.2494353638139,144.09167275123846,276.0,260.0,1.0615384615384615,0.5050411214742841,1.6063214209766417,3.819948159698127,3.1297403597038786,7.131571843363246,10.174852454650203,11.386215046317146,-11.999999999999128,-11.999972213659719,-11.999999999980695
2452.jpg,Ginkgo Biloba,42505.5,869.27625477314,197.5365670262091,136.4021656032264,280.0,228.0,1.2280701754385965,0.7068696904312415,1.501923280516639,3.104558052761214,3.1459616113643785,6.998657169222549,10.742191007103985,11.754028900283533,-11.99999999999996,-11.999978554867031,-11.999999999998806
2453.jpg,Ginkgo Biloba,43314.5,1059.6437849998474,185.76270144999506,139.41100992210048,284.0,251.0,1.1314741035856575,0.4847562073889689,1.6457306444724054,3.7311400880276318,3.1371807046309548,7.019603659303305,11.399788175245524,11.93806193024121,11.999999999999963,11.999986706954369,-11.999999999999975
2454.jpg,Ginkgo Biloba,37967.5,856.3645666837692,179.77759697748772,135.0898066449686,278.0,216.0,1.287037037037037,0.6505856604470713,1.5815631790347007,3.080448081596292,3.1505737625019985,7.044529231534114,10.937531737550351,11.813538310115499,-11.99999999999968,-11.999953728989789,-11.999999999999547
2455.jpg,Ginkgo Biloba,38796.5,988.5899608135223,187.8845743568375,136.82018023212072,273.0,246.0,1.1097560975609757,0.49885004999084603,1.731032438493163,3.62120864766858,3.1166747356284294,6.996274030036421,10.032489647515366,11.21992749986337,-11.99999999997929,-11.999676025290022,-11.99999999995793
2456.jpg,Ginkgo Biloba,38510.5,924.8498470783234,166.66423956566086,137.7621435777079,273.0,218.0,1.2522935779816513,0.5657786605443512,1.5453967099881851,3.387728377576276,3.1590336805315853,7.244524931015465,10.650800496418395,11.858844878701927,-11.99999999999962,-11.99996750290833,-11.999999999999712
2457.jpg,Ginkgo Biloba,39835.0,904.8914790153503,178.90321776906362,141.95491967082367,281.0,219.0,1.2831050228310503,0.6113384171892583,1.5448474959206728,3.220254373720108,3.1553729102491888,7.231398061967324,10.350679454677215,11.655110097554703,-11.999999999997227,-11.99990321959507,-11.99999999999736
2458.jpg,Ginkgo Biloba,40907.5,879.0508569478989,189.13014285803308,142.31862086090493,284.0,214.0,1.3271028037383177,0.6652498722097232,1.485693332518487,3.0952494962954185,3.1653738672377605,7.321285825773377,10.490439122508466,11.747871288576704,-11.999999999998314,-11.999925690352708,11.9999999999998
2459.jpg,Ginkgo Biloba,42417.5,879.0508579015732,181.2221099231548,147.64712604085798,284.0,212.0,1.3396226415094339,0.6898059376209379,1.4194141568927918,3.0952494996534266,3.1618801738913986,7.2301690546160335,10.510074211031101,11.726497130265615,-11.999999999998437,-11.999920560088977,-11.999999999998831
2460.jpg,Ginkgo Biloba,43535.0,1054.6904661655426,186.96775499066678,149.42492627988813,288.0,231.0,1.2467532467532467,0.4918111520402881,1.5281497645572528,3.6621196741859117,3.13696268030863,7.226876834564416,10.13382063741919,11.38273207892141,-11.999999999983487,-11.999731887501966,-11.999999999987688
2461.jpg,Ginkgo Biloba,41227.5,875.2762523889542,190.9803143487569,140.48414473482407,290.0,237.0,1.2236286919831223,0.6762489025166569,1.6670911406221576,3.0181939737550145,3.164268220921137,7.228029474594601,11.233574517659529,11.906695693914594,-11.999999999999888,-11.999974925173346,-11.999999999999998
2462.jpg,Ginkgo Biloba,41054.5,881.2762551307678,184.5704684192463,142.31151871642365,290.0,233.0,1.2446351931330473,0.6642728367216463,1.645860989660086,3.038883638381958,3.158313383017415,7.15903402638269,10.94703288470831,11.8494072979496,-11.999999999999737,-11.99996632027418,-11.999999999999737
2463.jpg,Ginkgo Biloba,43503.5,1083.619400024414,184.8448251236696,144.15870567494355,279.0,256.0,1.08984375,0.46556521000436935,1.6417989357178158,3.8839405018796205,3.124547439813398,7.137803844080715,10.249760105098924,11.524706260085996,11.999999999999297,11.999994150666915,-11.999999999990981
2464.jpg,Ginkgo Biloba,38307.0,864.2884480953217,174.47445640408225,145.68649452677485,277.0,246.0,1.1260162601626016,0.6444223421485368,1.77883937661524,3.1201749028711974,3.1715851856929507,7.495093680138002,11.239030846994796,11.938296698808784,11.99999999999998,-11.999989688995374,-11.999999999999947
2465.jpg,Ginkgo Biloba,39396.5,889.4183878898621,172.76992581356572,145.86045878681446,281.0,230.0,1.2217391304347827,0.625828442547449,1.6405010597388092,3.165189992490612,3.1721575641783244,7.373831567427267,11.100778074357251,11.906863672788477,-11.999999999999876,-11.999980236691536,11.99999999999995
2466.jpg,Ginkgo Biloba,41064.5,848.0214213132858,184.3369558207198,143.59724220454237,285.0,214.0,1.3317757009345794,0.7175674953055852,1.4852244639530494,2.9755137589939853,3.1620871609632357,7.250624236405393,10.472663261482007,11.722208708061062,-11.999999999999012,-11.999946788369973,-11.99999999999814
2467.jpg,Ginkgo Biloba,42877.0,1037.1757481098175,193.59450413493147,141.95487151512273,288.0,234.0,1.2307692307692308,0.5008752228780478,1.571751755020174,3.6013046809368663,3.137756479439084,7.120293490315117,10.207449407526695,11.453395925306996,-11.99999999999272,-11.999799147445549,-11.99999999998854
2468.jpg,Ginkgo Biloba,41997.0,992.0041749477386,186.0869987230435,140.9585350156208,289.0,231.0,1.251082251082251,0.5362917701750192,1.5896135438245589,3.43254039774304,3.1420925618510283,7.045388187853125,10.396508215621946,11.513464888478607,11.999999999998554,-11.99999369266244,-11.999999999992065
2469.jpg,Ginkgo Biloba,41834.5,872.3645658493042,175.8407204954956,148.35545759046076,278.0,234.0,1.188034188034188,0.6907937713204542,1.5549845223439984,3.138002035429152,3.1630578532231106,7.207723612580802,10.82803973561055,11.833587455133866,-11.999999999999652,-11.999969485277079,-11.99999999999962
2470.jpg,Ginkgo Biloba,42745.0,952.891478061676,182.7713201482935,147.59040529240036,283.0,223.0,1.2690582959641257,0.5915729392194083,1.4764065972628377,3.3671076963310105,3.166769896750483,7.357661158832609,10.583502361569652,11.833921847492428,-11.999999999999531,-11.999970754731443,-11.99999999999949
2471.jpg,Ginkgo Biloba,37408.0,850.2295705080032,166.31565902674348,145.63276535089898,273.0,250.0,1.092,0.6502823142979395,1.8244760479041917,3.114394031164847,3.1780013796069873,7.563589222278976,11.69120065318746,11.988673050235153,11.999999999999998,-11.99999815671389,12.0
2472.jpg,Ginkgo Biloba,36742.0,816.9158663749695,160.8307655775163,158.07263213867859,263.0,252.0,1.0436507936507937,0.6918596368849759,1.8038212399978226,3.1061439786120513,3.1787484643439763,7.965627051835871,10.819909938111762,11.921198273948365,11.999999999999856,-11.999991013571144,-11.999999999999988
2473.jpg,Ginkgo Biloba,39382.0,855.6610304117203,174.3603376452053,146.16046939066663,276.0,239.0,1.1548117154811715,0.67593374010575,1.674978416535473,3.100221124680146,3.178250007616173,7.543156016241917,11.23804232282299,11.95247174898682,-11.99999999999998,-11.999993438964008,-11.999999999999968
3511.jpg,Liriodendron Chinense,36967.0,949.9797911643982,165.15281749034742,141.62771676564583,223.0,268.0,0.832089552238806,0.5147487944497993,1.6166851516217167,4.259999063517481,3.1227065125513347,7.135160713640799,10.519397367114879,11.278548344415533,11.999999999981304,11.999577199047152,11.99999999999114
3512.jpg,Liriodendron Chinense,29847.5,875.1686080694199,170.62637362084445,113.8301143014229,175.0,270.0,0.6481481481481481,0.4897048015325684,1.5830471563782562,5.000963474682399,3.1376722270803006,7.376907212603481,10.486418148513199,11.919596425938197,11.999999999999796,11.999991314401882,11.999999999999908
3513.jpg,Liriodendron Chinense,44417.5,933.9970343112946,191.1984918383249,151.8023102796858,231.0,272.0,0.8492647058823529,0.6398423481061118,1.4145775876625204,4.043277204810799,3.1593939823791954,7.4083000691738565,10.554957324278993,11.594131256703784,11.99999999999569,11.999868434251198,11.999999999999618
3514.jpg,Liriodendron Chinense,38895.5,922.4823175668716,188.65211658963702,136.52792754597866,210.0,265.0,0.7924528301886793,0.5743718173733487,1.4307567713488707,4.392772940794627,3.1266811377069543,7.057605739385594,10.41640554312485,11.373087446963257,11.999999999984558,11.999585471966732,-11.999999999999776
3515.jpg,Liriodendron Chinense,37023.0,934.7249579429626,167.45307761616385,137.97252613745246,216.0,278.0,0.7769784172661871,0.5324928654616116,1.6219107041568754,4.32743036084705,3.1048499555559155,6.9058748888313986,10.22820873771382,11.068005841588366,11.99999999993413,11.998924455311684,11.999999999980497
3516.jpg,Liriodendron Chinense,39438.0,891.6366449594498,181.07050379272158,146.99038685616486,225.0,267.0,0.8426966292134831,0.6233743503158774,1.5232770424463715,3.9628295331531103,3.1262790368188593,7.076330372932295,10.216125249814178,11.314576570824538,11.999999999975625,11.999533626243197,11.999999999993094
3517.jpg,Liriodendron Chinense,40629.5,1017.2762533426285,172.17425085142668,147.22933322711205,231.0,269.0,0.8587360594795539,0.4933708977495759,1.529405973492167,4.403793304513544,3.1299743138017995,7.3055131030749125,10.912801781855396,11.392977819061558,11.999999999992275,11.999706045782284,11.99999999999963
3518.jpg,Liriodendron Chinense,35475.5,923.4528801441193,163.59604523222743,139.55772075336785,214.0,253.0,0.8458498023715415,0.5227678959097606,1.5261800397457401,4.31520037450523,3.1141487759741855,7.029018889558982,10.498433348992457,11.330477038345082,11.99999999998335,11.999524344187195,-11.99999999999686
3519.jpg,Liriodendron Chinense,37355.0,889.9554060697556,184.3428997479968,127.22546270057343,202.0,272.0,0.7426470588235294,0.592682513062334,1.4708606612233972,4.405719832028493,3.169578263719299,8.18765619422461,10.541498530311749,11.99676771236133,-12.0,-11.999999824919652,11.999999999999998
3520.jpg,Liriodendron Chinense,40539.5,969.7960261106491,180.309949072077,153.33771577183808,234.0,275.0,0.850909090909091,0.5416608558268482,1.5873407417457048,4.144427462011321,3.1393759115983797,7.174209596599293,10.530783664958834,11.42661468401246,11.999999999989605,11.999693410244895,11.999999999998302
3521.jpg,Liriodendron Chinense,43059.5,968.3401811122894,169.83416198787864,158.1168846731746,237.0,280.0,0.8464285714285714,0.5770626159583122,1.5411233293466018,4.085823548997002,3.14468335931978,7.31667102026467,10.351462494408002,11.323304852131207,11.999999999979208,11.999642609547573,11.999999999999291
3522.jpg,Liriodendron Chinense,34388.0,919.6366438865662,167.5659093741176,131.97366717692208,208.0,264.0,0.7878787878787878,0.5109568742266192,1.596836105618239,4.421330018685414,3.1376935287177306,7.096782038956548,10.991389954046198,11.530175727556331,11.999999999996545,11.999788448151298,11.999999999999037
3523.jpg,Liriodendron Chinense,43052.0,1018.607208609581,174.0000785739765,157.42748826840884,241.0,272.0,0.8860294117647058,0.521422424868908,1.5226238037721824,4.226585927840585,3.1353658165038785,7.266601454566068,10.678995416845401,11.431322392125328,11.99999999999147,11.99973420625075,-11.999999999998732
3524.jpg,Liriodendron Chinense,40796.5,1028.4234411716461,167.69891989626825,150.96896669928557,239.0,265.0,0.9018867924528302,0.484717651922978,1.552461608226196,4.30302695050898,3.1348671592180195,7.414172339287062,10.421412056241296,11.297631978357748,11.99999999997863,11.99965590723827,11.999999999998593
3525.jpg,Liriodendron Chinense,35716.0,1013.4356338977814,156.97372391581973,137.94678831437142,225.0,260.0,0.8653846153846154,0.4369988931725984,1.6379213797737708,4.504158372879028,3.087149748967532,6.986574251202607,10.350495688263075,11.15806103448149,11.999999999959714,11.999236554012041,-11.999999999989544
3526.jpg,Liriodendron Chinense,42098.5,1024.991984128952,176.5773998137927,147.75255787760494,229.0,280.0,0.8178571428571428,0.5035418229579547,1.523094647077687,4.475947528947389,3.1202714387779023,7.048749074528058,11.068688245363964,11.489117379638067,11.999999999996202,11.999753609609538,-11.999999999998733
3527.jpg,Liriodendron Chinense,41349.0,1018.4650713205338,170.51427267973787,156.79860565188392,250.0,278.0,0.8992805755395683,0.5009364068677542,1.6808145299765411,4.073860285282135,3.099652708501469,7.038246691223122,10.147501788093809,11.068911345840181,11.999999999926859,11.999068109438731,-11.999999999982396
3528.jpg,Liriodendron Chinense,42106.5,1119.2173790931702,172.343339188087,150.5324728775323,246.0,278.0,0.8848920863309353,0.4224060373523367,1.6241672900858537,4.549664142655163,3.1092671870721915,7.19193483122152,10.653649946969088,11.24416145919684,11.999999999979767,11.999483454488303,11.999999999997623
3529.jpg,Liriodendron Chinense,34809.0,925.4112477302551,178.22116373518887,118.21915890095818,197.0,273.0,0.7216117216117216,0.51077762392857,1.5450314573817117,4.697519024011448,3.1519595506057048,7.96517885663409,10.410909672359802,11.968506869407609,11.999999999999984,11.999996633543685,11.999999999999947
3530.jpg,Liriodendron Chinense,33842.0,866.5828229188919,186.07516962238674,115.00247959283313,184.0,281.0,0.6548042704626335,0.5662989187694659,1.527805685243189,4.709689254993978,3.1539276578062756,7.646757344157395,10.478798714528297,11.955195356894903,-11.999999999999911,-11.99999303771244,-11.999999999999995
3531.jpg,Liriodendron Chinense,38180.5,1113.5605244636536,158.0765674345031,148.9344051294059,261.0,263.0,0.9923954372623575,0.3869223543940413,1.7978549259438719,4.266515419400972,3.0974803799531268,7.417486561487507,10.317167269518205,11.167399994577558,11.999999999962187,11.999572745225073,11.999999999982464
3532.jpg,Liriodendron Chinense,43538.5,1082.707712650299,176.16223435373428,159.70324653282725,253.0,280.0,0.9035714285714286,0.4667247863765749,1.627065700471996,4.279477125099996,3.0986659940692522,7.065483378222977,10.213105102037392,11.16184924626446,11.999999999954076,11.999283654768247,11.999999999985487
3533.jpg,Liriodendron Chinense,26290.5,734.3990553617477,138.19455969076714,126.91593012822504,202.0,207.0,0.9758454106280193,0.6125541557529526,1.590460432475609,3.6356388879294443,3.1518940617316065,7.49840171704135,10.206828003127765,11.65007000992498,11.999999999996097,11.99992341434129,-11.999999999997419
3534.jpg,Liriodendron Chinense,37341.0,1090.9747372865677,152.565175621765,148.99933147920495,247.0,265.0,0.9320754716981132,0.3942452050671347,1.7528989582496453,4.416901770390962,3.1295356667829037,7.574359574122597,10.815205157692823,11.248421888880106,11.999999999984691,11.999699870118004,-11.999999999994015
3535.jpg,Liriodendron Chinense,27110.5,765.2863593101501,158.32270249398852,111.1763713514477,176.0,240.0,0.7333333333333333,0.5817005126970978,1.5580679072684016,4.348217950625853,3.166995120130652,7.9680822624603405,10.538446899301139,11.981525714407244,-12.0,11.999998203266372,11.999999999999979
3536.jpg,Liriodendron Chinense,30816.5,761.3696180582047,161.618782508021,127.65051624210143,192.0,233.0,0.8240343347639485,0.6680394207665046,1.4516898414810249,3.9654667607198157,3.1562190878586964,7.233046890610712,10.804589647340602,11.650895939022327,11.99999999999779,11.999883723467821,-11.999999999999433
3537.jpg,Liriodendron Chinense,36515.5,891.9970346689224,169.7112437347626,140.72037737788725,217.0,264.0,0.821969696969697,0.5767137347751007,1.5688680149525545,4.110585413220841,3.1452968412839977,7.220057239869789,10.487913206049596,11.43439795397622,11.999999999989528,11.999721372429823,11.999999999997879
3538.jpg,Liriodendron Chinense,28334.0,738.8427076339722,146.87518617009476,129.03503793786012,194.0,215.0,0.9023255813953488,0.6522495245399687,1.4720830098115338,3.8084675651235678,3.1612191059053876,7.463407040568166,10.40178814422523,11.666017630821461,11.999999999996685,11.999910600076817,11.999999999999432
3539.jpg,Liriodendron Chinense,37076.5,898.5655767917633,175.5966447305443,136.6581115526078,230.0,269.0,0.8550185873605948,0.5770441465473705,1.6687119873774494,3.906806855616362,3.1062051557497004,6.995465693979401,9.922623695726285,11.049706224059472,11.999999999894932,11.998913508333752,11.999999999992363
3540.jpg,Liriodendron Chinense,43061.0,992.8082185983658,169.48905292820535,156.14392024067092,240.0,265.0,0.9056603773584906,0.5489885009776222,1.4769745245117392,4.136700910826524,3.164790661224476,7.776203212094814,10.828829388325676,11.625575399654373,11.999999999997417,11.99992329916681,11.999999999999895
3541.jpg,Liriodendron Chinense,37369.0,906.9848432540894,168.8369567622859,137.469101641969,213.0,265.0,0.8037735849056604,0.5708490479815773,1.5104765982498862,4.2581448040098095,3.152092983175575,7.458948362589785,10.555905592418336,11.287596077683869,11.99999999998098,11.999671244217435,11.999999999998813
3542.jpg,Liriodendron Chinense,32555.5,828.114785194397,160.45758541979248,134.09064389900587,204.0,243.0,0.8395061728395061,0.5965586627615177,1.5226920182457648,4.059386201933319,3.1459106316158416,7.299391875747202,10.38866613009578,11.294326745638823,11.999999999977428,11.999604416281677,-11.999999999999478
3543.jpg,Liriodendron Chinense,40543.5,960.6488392353058,187.07263796450832,148.25745659999703,247.0,270.0,0.9148148148148149,0.5520796978315101,1.6448999223056717,3.8892665556085255,3.130499035978028,7.202577748710576,10.109498803837287,11.472466203485386,11.999999999986152,11.99974260572518,11.999999999999197
3544.jpg,Liriodendron Chinense,35828.0,838.3229385614395,177.42620054722752,132.81223529385386,225.0,253.0,0.8893280632411067,0.6406336256269267,1.5888411298425813,3.725879726939731,3.137539204804345,7.174159181820839,10.228688139544989,11.529122033961443,11.99999999999157,11.999800257076222,-11.999999999996678
3545.jpg,Liriodendron Chinense,35634.5,886.080295920372,163.1163970432617,151.83710947097222,246.0,240.0,1.025,0.5703407143608455,1.656821338871038,3.6019524224405366,3.154098889817113,7.635695717472073,10.314807867624323,11.763484137913164,11.999999999998158,11.999952517173853,11.999999999999947
3546.jpg,Liriodendron Chinense,30095.5,797.9970347881317,157.34915891894687,129.85828363306285,201.0,242.0,0.8305785123966942,0.5938939099144663,1.6162549218321676,3.970134501433491,3.1405337415317365,7.168814648266474,10.428658395560202,11.347467637013315,11.99999999998307,11.999607687683751,-11.999999999997787
3547.jpg,Liriodendron Chinense,36860.5,881.6538889408112,166.32749603568257,146.93471525434347,223.0,264.0,0.8446969696969697,0.5959019834690642,1.5971568481165475,3.953604883142651,3.1489930073899437,7.395985943683649,10.334773562590026,11.25093225240158,11.999999999971081,11.99959954415759,11.999999999999076
3548.jpg,Liriodendron Chinense,29303.5,761.2274830341339,160.26157207632465,120.79148565943089,185.0,233.0,0.7939914163090128,0.6354778835987336,1.4709846946610474,4.114743151535859,3.1445866800109195,7.15692419570602,10.549609175283578,11.488103110979642,11.999999999992506,11.999742480767656,-11.999999999998485
3549.jpg,Liriodendron Chinense,34750.0,799.4112491607666,180.31699517793658,130.95392200121384,197.0,266.0,0.7406015037593985,0.6833200474901665,1.5079712230215827,4.057925122643486,3.132057961896841,6.9671226230617735,10.383955539741534,11.228368548430893,11.99999999997001,11.999302888124994,-11.999999999999062
3550.jpg,Liriodendron Chinense,41515.0,1061.8031649589539,163.21406213352145,150.87142057684417,251.0,275.0,0.9127272727272727,0.4627291671892329,1.6626520534746476,4.230291493860374,3.138085819399151,7.346727740243517,10.888191119287468,11.514917894883572,11.99999999999645,11.999862680716827,11.999999999997364
3551.jpg,Liriodendron Chinense,37590.5,943.8204098939896,161.54030916268238,152.53408942757682,252.0,259.0,0.972972972972973,0.530284871343879,1.7362897540602014,3.7453190868809108,3.151050077732449,7.564707766797654,10.222009654819251,11.594603660003123,11.999999999994124,11.999902357559014,-11.99999999999748
3552.jpg,Liriodendron Chinense,36428.0,958.0630530118942,173.60499794792776,135.5244659069904,233.0,267.0,0.8726591760299626,0.49872025550916205,1.7077797298781157,4.111858596617572,3.0937008517436335,6.977024144854902,9.970163549105466,11.099366733529715,11.99999999991821,11.999023830044678,11.99999999999342
3553.jpg,Liriodendron Chinense,29051.0,884.7249567508698,136.9764036476721,122.43722083939589,192.0,238.0,0.8067226890756303,0.4663955455588342,1.5729579016212867,4.607942483077447,3.098782835863832,6.942650304244568,10.418027000853305,11.119605398295164,11.999999999960774,11.99918055037642,-11.999999999978288
3554.jpg,Liriodendron Chinense,29842.5,856.5411915779114,151.46023611826305,131.04817816360517,230.0,218.0,1.055045871559633,0.5111502293433158,1.6801541425818882,3.724092137295267,3.153407684886921,7.980507476823966,10.480318361736154,11.645488181543366,11.999999999996538,11.999945332571095,11.999999999999575
3555.jpg,Liriodendron Chinense,33462.5,945.5117546319962,155.21979124373928,139.05250666340035,217.0,251.0,0.8645418326693227,0.4703643341098899,1.6277026522226372,4.3571970259539,3.1171050935536866,7.162492513843144,10.247587343774356,11.196599621502603,11.999999999959893,11.99939448185686,-11.999999999997982
3556.jpg,Liriodendron Chinense,39541.5,1029.8792847394943,162.71323149370798,152.2842479953196,259.0,259.0,1.0,0.4684792489072892,1.696470796504938,3.9763678947470824,3.1326727871135316,7.570521184988023,10.348792088566094,11.405027804766956,11.999999999986011,11.999799827850998,11.999999999996371
3557.jpg,Liriodendron Chinense,36153.0,1010.950354218483,161.9507906549085,138.26274240553744,226.0,267.0,0.846441947565543,0.4445233183272398,1.6690731059663098,4.473231655833995,3.135006052288479,7.536553374019922,10.508625262426824,11.219809062053248,11.99999999997824,11.999671059857425,-11.99999999998432
3558.jpg,Liriodendron Chinense,40198.5,1020.5310870409012,175.20741057030094,141.175042334419,249.0,280.0,0.8892857142857142,0.4850284736353912,1.7343930743684466,4.098518421851009,3.099035889974018,6.976056727976275,10.134127076564047,11.29092443487366,11.999999999969583,11.999424835003415,-11.999999999994646
3559.jpg,Liriodendron Chinense,33239.5,949.2518682479858,150.70295570882146,125.04212180926274,201.0,265.0,0.7584905660377359,0.4635551659021029,1.6024609275109434,4.7226461106864965,3.0895383019340654,6.841096446652187,10.391955091509416,11.143605185996586,11.99999999996018,11.999074160381634,11.999999999986619
3560.jpg,Liriodendron Chinense,31471.5,849.0264729261398,145.02121342669147,137.60126242834767,214.0,235.0,0.9106382978723404,0.5486366842194116,1.59795370414502,3.967413424888504,3.143571509266106,7.553525345919135,10.343541326144127,11.357660206152548,11.999999999982043,11.999757618457863,-11.999999999998272
2547.jpg,Nerium Oleander,13013.5,752.4133380651474,223.92353605639582,36.56583852279338,255.0,233.0,1.094420600858369,0.28886239586510676,4.565643370346179,2.9506405414319508,2.7088278983426854,5.468853091076882,9.579156148737592,9.873404468798613,11.999999989419804,11.921807947144682,-11.999999997964148
2548.jpg,Nerium Oleander,18329.5,901.8935667276382,233.60472591270494,46.75670490020656,261.0,234.0,1.1153846153846154,0.2831717365375559,3.3320057830273604,3.4555309070024456,2.824679282284717,5.735179206886909,10.476195633671711,10.603688681319204,11.999999999711076,11.986380070689524,-11.999999999994628
2549.jpg,Nerium Oleander,18661.5,779.3838983774185,238.2265367512612,48.01639531191403,275.0,240.0,1.1458333333333333,0.38605888729435883,3.5366931918656057,2.8341232668269765,2.7840424908718697,5.642889277486589,9.891449491639028,10.2360815672122,11.99999999794231,11.971135551278312,-11.999999999519211
2550.jpg,Nerium Oleander,18970.5,1038.202220916748,226.39077975096512,46.136706678359694,267.0,237.0,1.1265822784810127,0.2211692445240691,3.335652723966158,3.888397831148869,2.8203504489381497,5.72541935201276,10.340021368194488,10.490929496522998,11.999999999492086,11.98238720009358,11.999999999981377
2551.jpg,Nerium Oleander,17554.0,791.2833951711655,259.68422831874096,41.88243870496321,274.0,249.0,1.1004016064257027,0.3523074714623263,3.8866355246667426,2.8878956028144724,2.758713507590149,5.578275369175995,10.557408181611478,11.125073560001969,11.999999999972157,11.998330827404947,-11.999999999975369
2552.jpg,Nerium Oleander,16889.0,770.5138444900513,230.6675773705529,44.78224222557419,273.0,232.0,1.1767241379310345,0.35748095278540726,3.7501332228077446,2.8223950347620925,2.7915776670950074,5.656234271644577,10.163682743510014,10.450688624668091,11.999999999288505,11.981761403266805,11.999999999881961
2553.jpg,Nerium Oleander,16893.5,742.4722092151642,227.92872549604186,45.780130105756584,261.0,225.0,1.16,0.3850960774120837,3.4761890668008406,2.8447211081040775,2.8117108010975733,5.702581167710957,10.360247892715407,10.492664268924123,11.999999999506795,11.981435616508179,-11.999999999994863
2554.jpg,Nerium Oleander,19891.0,973.1900316476822,246.1180642750548,49.2485326558061,275.0,250.0,1.1,0.26391931648617645,3.456337036850837,3.538872842355208,2.824903204940051,5.735519437070438,10.21598214671253,10.364760672146659,11.999999999080464,11.97645104808781,-11.999999999970875
2555.jpg,Nerium Oleander,18701.0,801.1412588357925,245.77385756524228,47.00984770502878,276.0,249.0,1.108433734939759,0.3661478574965287,3.6748836960590343,2.902685720419538,2.807840692534173,5.694576020579891,10.285515292996633,10.583955653208925,11.999999999617113,11.987301029676647,11.999999999934278
2556.jpg,Nerium Oleander,19496.5,850.6387326717377,263.1959672705872,45.74788673397931,280.0,259.0,1.0810810810810811,0.33859162399858184,3.7196419870233117,3.0379954738276345,2.790896502812192,5.6527685220360615,10.445984487571089,10.56392147577601,11.999999999654527,11.983384803565208,11.999999999995888
2557.jpg,Nerium Oleander,20309.0,872.0529457330704,239.72456525667118,52.286694650742646,277.0,239.0,1.1589958158995817,0.3355928479678231,3.259786301639667,3.148205580263792,2.8464464165086305,5.7880860827963705,10.279331290145429,10.49314569763193,11.9999999994596,11.98391858572625,-11.999999999964896
2558.jpg,Nerium Oleander,17981.0,774.5138453245163,229.31146940351675,47.617207367715295,272.0,234.0,1.1623931623931625,0.37667373089565775,3.539736388409988,2.847477372516604,2.8141429877636024,5.710104504748284,10.18158882842326,10.473922083903895,11.999999999357321,11.983322976979707,-11.999999999900979
2559.jpg,Nerium Oleander,17334.0,819.0823843479156,257.01146010440857,42.216749119869476,283.0,258.0,1.0968992248062015,0.3246784653665155,4.212184146763586,2.8942840436322106,2.7374582895075057,5.530172303792163,10.058221702210998,10.150383394888967,11.99999999764871,11.951196890665438,-11.99999999997801
2560.jpg,Nerium Oleander,15197.0,875.0235102176666,255.30843785018152,37.29160847295273,269.0,247.0,1.0890688259109311,0.24941828219020112,4.372112917023097,3.2528755026679055,2.7236155717671697,5.5015538610097,9.80984734837728,10.189287822712696,11.999999997389018,11.96720693753091,11.999999999177042
2561.jpg,Nerium Oleander,13410.5,729.9280573129654,229.08709792893183,36.822579265309486,247.0,238.0,1.0378151260504203,0.31629674260392765,4.383580030573058,2.955174321105123,2.723176988530097,5.5003643216762095,9.622364400549795,9.874115069195176,11.99999998987154,11.91951403810754,-11.999999998605025
2562.jpg,Nerium Oleander,14824.5,800.6387350559235,258.2155410214498,35.51793121086869,277.0,258.0,1.073643410852713,0.2906141279953464,4.820803399777396,2.8903925453282437,2.686008330561986,5.414853618386403,10.076976189879609,10.142062854024031,11.999999997631383,11.943303319807965,11.999999999996854
2563.jpg,Nerium Oleander,17271.0,791.1412563323975,244.07021434671213,44.090948263220646,270.0,250.0,1.08,0.346752246109407,3.908285565398645,2.9301528012311016,2.7869869675001593,5.644506163178065,10.26333290872024,10.362581275584168,11.99999999912292,11.973127451141293,11.999999999999806
2564.jpg,Nerium Oleander,14704.0,785.4255323410034,251.70111088104082,35.74631209124936,271.0,249.0,1.0883534136546185,0.2995265525527662,4.589159412404788,2.898249196830271,2.705570655511219,5.458544420857365,10.14168731681103,10.397579203516234,11.999999999116172,11.973983668069115,-11.999999999869338
2565.jpg,Nerium Oleander,15028.5,774.212325334549,240.79422620777268,37.806636942142845,266.0,247.0,1.0769230769230769,0.31506875570999154,4.371826862294973,2.9105726516336428,2.7369194926277594,5.529184788293326,10.101473581432138,10.228694602118882,11.999999998301986,11.959821012780717,11.999999999951177
2566.jpg,Nerium Oleander,16811.0,913.1067698001862,257.45292348796505,39.5457853711998,271.0,251.0,1.0796812749003983,0.2533729727178728,4.046219737076914,3.3693976745394325,2.763351215246624,5.5898018734812664,10.284306214739782,10.511852979050678,11.99999999949959,11.982199358401674,11.99999999994316
2567.jpg,Nerium Oleander,13967.5,752.5554696321487,235.85202922065352,37.35218262531656,260.0,241.0,1.0788381742738589,0.3099213612397158,4.486128512618579,2.894444113969803,2.709129886680141,5.467775263536215,9.713845536347455,9.925500620970226,11.999999992344243,11.921893675056815,-11.999999999266315
2568.jpg,Nerium Oleander,17309.5,770.4133408069611,237.71187917308634,44.5457322941828,266.0,241.0,1.103734439834025,0.366477062661837,3.7035154106126695,2.8962907549133874,2.765076191741868,5.5972481589706415,9.896957709435977,10.562152650031233,11.999999999600165,11.997244137622719,11.999999999473754
2569.jpg,Nerium Oleander,18991.5,881.4082874059677,260.3912020883194,45.062304957969026,274.0,260.0,1.0538461538461539,0.30719551628977526,3.751151831082326,3.2168185671750646,2.7745708225642005,5.615676586853209,10.482113219115961,11.086469329336946,11.999999999967365,11.99873311862246,11.999999999965658
2570.jpg,Nerium Oleander,16705.0,811.5676674842834,262.9161582139827,38.74894151780149,278.0,261.0,1.0651340996168583,0.31871820497953274,4.343489973061957,2.919308156418286,2.7242293230266483,5.499621081536563,10.680259780263166,11.070664676149725,11.999999999962741,11.99615534826415,11.999999999986121
2571.jpg,Nerium Oleander,20882.5,833.5260363817215,249.20464105830774,52.35023280750526,284.0,261.0,1.0881226053639848,0.3777061129864735,3.5495750029929365,2.934950832330005,2.8013449540041275,5.678374500799129,10.434877451779787,10.600428326798024,11.999999999693467,11.985841101091829,11.999999999982075
2572.jpg,Nerium Oleander,18360.0,871.9940710067749,270.5920158883111,42.291492199968545,282.0,267.0,1.0561797752808988,0.3034278758666971,4.100980392156862,3.092177556761613,2.751762724854182,5.5622399760052215,10.170273437862976,10.281800991655123,11.999999998699638,11.965021891121774,11.999999999978698
2573.jpg,Nerium Oleander,20822.0,1044.1017192602158,250.52903399606203,47.666464069353836,276.0,259.0,1.0656370656370657,0.240019587143613,3.433099606185765,3.782977243696434,2.821516023772287,5.72766582756806,10.568457734771593,10.72104275843599,11.999999999830884,11.98997941453746,11.999999999992665
2574.jpg,Nerium Oleander,18992.5,855.4671617746353,249.2956327335078,47.22843836741799,273.0,253.0,1.0790513833992095,0.3261259165262129,3.6366460444912465,3.133579347159836,2.808804968143413,5.696354764218779,10.185220118049594,10.314016304164392,11.999999998859293,11.971932872154882,11.999999999981156
2575.jpg,Nerium Oleander,20528.5,806.413339138031,244.05717823903478,52.105193329216235,274.0,251.0,1.091633466135458,0.3966903858641162,3.35017171249726,2.9431143764161716,2.839527014218071,5.770737930084748,10.501404126787884,10.76011723128838,11.999999999842112,11.991804551725771,11.99999999998158
2576.jpg,Nerium Oleander,19521.5,1111.055036664009,246.22683901232213,47.99955240676729,279.0,258.0,1.0813953488372092,0.19872472477423753,3.687319109699562,3.9822761170753016,2.807941981901964,5.697475204603619,9.951411069888136,10.096694937323813,11.999999996788448,11.955290426738975,-11.999999999907306
2577.jpg,Nerium Oleander,18022.0,821.910818696022,262.2820821653664,41.395718000174845,279.0,260.0,1.073076923076923,0.33524588462530586,4.025080457218954,2.945916912888968,2.728927791535236,5.512216375543057,10.07386433090461,10.741994110925141,11.999999999840036,11.998414071434434,11.999999999769313
2578.jpg,Nerium Oleander,18259.0,773.3422696590424,241.06753138384272,46.628560520886765,258.0,249.0,1.036144578313253,0.38365720210896825,3.5183745002464537,2.9974506575931876,2.8098398024744253,5.6992670321571675,10.107932939704426,10.338385078054284,11.999999998859382,11.97550740292209,11.999999999891903
2579.jpg,Nerium Oleander,17024.0,800.9402467012405,253.28076997178448,42.148245626300984,270.0,259.0,1.0424710424710424,0.333481111400593,4.107730263157895,2.966445358152743,2.7530671427033,5.565804975025754,9.957480685425775,10.068208028942346,11.999999996476022,11.9440055962866,-11.99999999994459
2580.jpg,Nerium Oleander,18256.5,800.354464173317,255.47877847288999,44.862637572929216,273.0,255.0,1.0705882352941176,0.35814809227134625,3.8131624352970177,2.931701333968194,2.7651766641935955,5.593902346115889,9.97027457238994,10.144480819833147,11.999999997344585,11.955564787746225,-11.999999999859586
2581.jpg,Nerium Oleander,22120.0,825.9696859121323,250.3289944627869,54.9570677608895,275.0,259.0,1.0617760617760619,0.4074429144469969,3.2199367088607596,3.003526130589572,2.8446547163571485,5.783647028585866,10.350063900807532,10.621935085921347,11.999999999688471,11.988826226631923,11.999999999959892
2582.jpg,Nerium Oleander,19743.0,949.5920528173447,250.4379991260312,46.4650616390961,277.0,247.0,1.1214574898785425,0.2751369172057329,3.4654814364584916,3.4281301545752516,2.8046772598810117,5.687299935537208,10.223408939107873,10.405069880012404,11.999999999210957,11.978281977909717,11.999999999947978
2583.jpg,Nerium Oleander,20747.5,809.727046251297,246.12826146899508,52.329093097195944,276.0,253.0,1.0909090909090908,0.3976475819542689,3.3656103144957226,2.9337936458380325,2.833820877224028,5.756264996640574,10.497996821728986,10.649208070697695,11.999999999761096,11.987999277144688,-11.999999999995085
2584.jpg,Nerium Oleander,21237.0,834.9402483701706,258.7097492847921,50.73506553656948,281.0,263.0,1.0684410646387832,0.38281790087782464,3.47991712577106,2.9713176098582585,2.8156704299187743,5.712750425260271,10.424465906780357,10.537439430744854,11.999999999610338,11.983404955437303,-11.999999999998396
2585.jpg,Nerium Oleander,17811.0,810.5971050262451,258.35529980532624,43.16675967251885,277.0,258.0,1.073643410852713,0.3406340600265757,4.0124642075122114,2.9263433394449283,2.7613742995855772,5.584804373290545,9.928295709037709,10.029870651952413,11.999999995831637,11.939703809902435,-11.999999999995982
2586.jpg,Nerium Oleander,17217.0,797.2833967208862,246.6443859588132,43.05127302850637,272.0,254.0,1.0708661417322836,0.34036265547377725,4.012778068188418,2.93118895853267,2.7531330129721816,5.5657420746689175,10.110172612747247,10.26449576635576,11.999999998518813,11.964793189512925,-11.999999999933399
2587.jpg,Nerium Oleander,21370.0,819.8275502920151,245.52962524917436,54.89761421842483,282.0,250.0,1.128,0.39954837511560604,3.299017313991577,2.907189894652536,2.842583632879577,5.779220030060565,10.353409168744072,10.525491122332157,11.99999999955834,11.984745553218977,11.999999999977174
2588.jpg,Nerium Oleander,17428.0,790.9402519464493,254.39913122640573,42.5012867452269,272.0,252.0,1.0793650793650793,0.35008222414698853,3.932981409226532,2.907868573332534,2.7679366056753847,5.599188861601382,10.731216360643183,10.895194067141418,11.99999999992698,11.992382813456805,-11.999999999996096
2589.jpg,Nerium Oleander,18351.5,821.8103077411652,268.87585715809445,42.48579725920181,280.0,265.0,1.0566037735849056,0.34145876378466306,4.043266218020325,2.9350368133613043,2.749012742410637,5.555437424509823,11.298822079581022,11.598682848867861,11.999999999998463,11.999257002430872,11.99999999999945
2590.jpg,Nerium Oleander,17607.5,819.5849102735519,245.70785816188297,45.24138816531827,274.0,257.0,1.066147859922179,0.32939701058004,3.999318472241942,2.9911858039180728,2.7304862461530717,5.514934511289412,10.424432208920692,10.539990768401458,11.999999999613879,11.979718393912021,11.99999999999605
2591.jpg,Nerium Oleander,21210.0,838.2539547681808,263.2508012808318,49.95865478072843,281.0,269.0,1.0446096654275092,0.37931438271129975,3.5638378123526637,2.9831101593173694,2.8077906692136496,5.693161422576599,10.396601894035594,10.535167709993237,11.999999999594083,11.983160454995797,-11.99999999999198
2592.jpg,Nerium Oleander,17355.0,820.7392402887344,248.49342923908472,39.63985821587913,281.0,261.0,1.0766283524904214,0.32376066704515727,4.225929127052723,2.9207802145506565,2.735587195249357,5.529843975523405,9.778222360775318,10.455268903722018,11.99999999934972,11.996330619248942,11.999999999099524
2593.jpg,Nerium Oleander,15468.0,781.4844055175781,230.149874741982,42.304582900378534,276.0,238.0,1.1596638655462186,0.3182756363947197,4.246702870442204,2.8314652373825293,2.7352581568767134,5.526697912616803,9.646652687065117,9.767729703995432,11.999999985614071,11.89095312806422,-11.999999999643046
2594.jpg,Nerium Oleander,17001.5,796.6976059675217,237.30605568021227,43.22187940586341,276.0,250.0,1.104,0.336596874933599,4.058465429520925,2.886585528867832,2.7518320515425367,5.567401944762352,9.701109996923122,10.19382998365257,11.999999997289777,11.9748146830757,-11.999999998588308
2595.jpg,Nerium Oleander,17403.0,815.9108095169067,260.24584230588584,41.564121208982634,277.0,263.0,1.053231939163498,0.3285100122760209,4.1861173360914785,2.9455263881476776,2.749034253187025,5.556192912826992,10.235763399987636,10.327948227037277,11.999999998976252,11.967960147547632,-11.999999999994433
2596.jpg,Nerium Oleander,17012.0,793.7686762809753,246.01779978794218,42.58330530413298,276.0,250.0,1.104,0.3392948943635804,4.055960498471667,2.8759734647861426,2.7434453468862188,5.543085618651636,10.788017178595464,11.332776821009984,11.999999999991473,11.999192926902614,11.999999999991799
