,id,y
0,1300.jpg,5
1,3152.jpg,23
2,1439.jpg,9
3,1243.jpg,4
4,1186.jpg,3
5,1452.jpg,9
6,2063.jpg,11
7,1522.jpg,8
8,2007.jpg,10
9,2191.jpg,13
10,1230.jpg,4
11,2138.jpg,12
12,3178.jpg,24
13,2308.jpg,15
14,1489.jpg,9
15,2669.jpg,20
16,2326.jpg,15
17,3220.jpg,24
18,1265.jpg,4
19,1077.jpg,1
20,2347.jpg,16
21,1330.jpg,6
22,1280.jpg,5
23,3343.jpg,27
24,2398.jpg,16
25,3397.jpg,28
26,1335.jpg,6
27,2336.jpg,15
28,2483.jpg,17
29,1283.jpg,5
30,1313.jpg,5
31,2033.jpg,10
32,3600.jpg,31
33,2332.jpg,15
34,3064.jpg,22
35,3521.jpg,30
36,2629.jpg,20
37,3371.jpg,27
38,1060.jpg,1
39,2061.jpg,11
40,3150.jpg,23
41,3265.jpg,25
42,1034.jpg,0
43,1588.jpg,2
44,2183.jpg,13
45,2188.jpg,13
46,2395.jpg,16
47,2544.jpg,18
48,2148.jpg,12
49,3396.jpg,28
50,1392.jpg,7
51,2666.jpg,20
52,3227.jpg,24
53,2073.jpg,11
54,3251.jpg,25
55,2293.jpg,15
56,3358.jpg,27
57,3296.jpg,26
58,1255.jpg,4
59,3468.jpg,29
60,2167.jpg,13
61,1183.jpg,3
62,3523.jpg,30
63,3554.jpg,30
64,1319.jpg,5
65,2572.jpg,19
66,3238.jpg,25
67,1376.jpg,6
68,3559.jpg,30
69,2166.jpg,13
70,1471.jpg,9
71,3599.jpg,31
72,2074.jpg,11
73,3309.jpg,26
74,1430.jpg,7
75,3443.jpg,28
76,3203.jpg,24
77,2075.jpg,11
78,3090.jpg,22
79,3541.jpg,30
80,3237.jpg,25
81,1478.jpg,9
82,1219.jpg,4
83,2507.jpg,18
84,2092.jpg,11
85,3579.jpg,31
86,2446.jpg,17
87,3497.jpg,29
88,2276.jpg,14
89,2500.jpg,18
90,2284.jpg,14
91,1482.jpg,9
92,1540.jpg,8
93,2251.jpg,14
94,3097.jpg,22
95,1215.jpg,4
96,2097.jpg,11
97,2660.jpg,20
98,2568.jpg,19
99,1241.jpg,4
100,2133.jpg,12
101,3357.jpg,27
102,1484.jpg,9
103,3364.jpg,27
104,3374.jpg,27
105,2325.jpg,15
106,3047.jpg,21
107,1068.jpg,1
108,2519.jpg,18
109,1447.jpg,9
110,3401.jpg,28
111,1423.jpg,7
112,2165.jpg,12
113,3432.jpg,28
114,2112.jpg,11
115,1393.jpg,7
116,2415.jpg,16
117,2076.jpg,11
118,3372.jpg,27
119,2472.jpg,17
120,2489.jpg,18
121,3612.jpg,31
122,1541.jpg,8
123,1549.jpg,8
124,3391.jpg,28
125,3390.jpg,28
126,1371.jpg,6
127,1442.jpg,9
128,2620.jpg,20
129,2125.jpg,12
130,2560.jpg,19
131,3275.jpg,25
132,3494.jpg,29
133,1407.jpg,7
134,1525.jpg,8
135,3232.jpg,25
136,2575.jpg,19
137,1344.jpg,6
138,1178.jpg,3
139,2161.jpg,12
140,2080.jpg,11
141,2275.jpg,14
142,1448.jpg,9
143,3159.jpg,23
144,3598.jpg,31
145,1090.jpg,1
146,1105.jpg,1
147,3528.jpg,30
148,1143.jpg,3
149,2643.jpg,20
150,1131.jpg,3
151,3513.jpg,30
152,2011.jpg,10
153,1361.jpg,6
154,3451.jpg,29
155,1273.jpg,5
156,2316.jpg,15
157,3132.jpg,23
158,3381.jpg,27
159,3114.jpg,23
160,1216.jpg,4
161,2345.jpg,15
162,2258.jpg,14
163,2627.jpg,20
164,3331.jpg,26
165,1002.jpg,0
166,3477.jpg,29
167,2408.jpg,16
168,1480.jpg,9
169,1488.jpg,9
170,2447.jpg,17
171,1021.jpg,0
172,2228.jpg,13
173,1167.jpg,3
174,1020.jpg,0
175,2024.jpg,10
176,1577.jpg,2
177,2410.jpg,16
178,2176.jpg,13
179,3618.jpg,31
180,3538.jpg,30
181,2537.jpg,18
182,2141.jpg,12
183,1017.jpg,0
184,2358.jpg,16
185,3073.jpg,22
186,1450.jpg,9
187,3438.jpg,28
188,2543.jpg,18
189,3320.jpg,26
190,2029.jpg,10
191,2035.jpg,10
192,1559.jpg,2
193,1025.jpg,0
194,2382.jpg,16
195,1185.jpg,3
196,3266.jpg,25
197,2641.jpg,20
198,3241.jpg,25
199,3500.jpg,29
200,2478.jpg,17
201,1079.jpg,1
202,1509.jpg,8
203,3215.jpg,24
204,1262.jpg,4
205,2593.jpg,19
206,2320.jpg,15
207,1584.jpg,2
208,3459.jpg,29
209,3501.jpg,29
210,2070.jpg,11
211,3190.jpg,24
212,2565.jpg,19
213,3557.jpg,30
214,3486.jpg,29
215,3194.jpg,24
216,1526.jpg,8
217,2277.jpg,14
218,2314.jpg,15
219,3380.jpg,27
220,1323.jpg,5
221,1327.jpg,6
222,2385.jpg,16
223,1253.jpg,4
224,2674.jpg,20
225,2104.jpg,11
226,1263.jpg,4
227,2142.jpg,12
228,1121.jpg,1
229,2429.jpg,17
230,2216.jpg,13
231,2384.jpg,16
232,2577.jpg,19
233,3326.jpg,26
234,1533.jpg,8
235,3319.jpg,26
236,3423.jpg,28
237,1546.jpg,8
238,3171.jpg,23
239,2647.jpg,20
240,1254.jpg,4
241,1173.jpg,3
242,1103.jpg,1
243,2099.jpg,11
244,3193.jpg,24
245,1037.jpg,0
246,1120.jpg,1
247,2592.jpg,19
248,2360.jpg,16
249,2290.jpg,14
250,2272.jpg,14
251,2189.jpg,13
252,2652.jpg,20
253,1162.jpg,3
254,2667.jpg,20
255,3312.jpg,26
256,2042.jpg,10
257,3346.jpg,27
258,3078.jpg,22
259,1147.jpg,3
260,3274.jpg,25
261,3571.jpg,31
262,3394.jpg,28
263,3197.jpg,24
264,2079.jpg,11
265,2584.jpg,19
266,2557.jpg,19
267,1144.jpg,3
268,1163.jpg,3
269,2221.jpg,13
270,3340.jpg,27
271,3199.jpg,24
272,2146.jpg,12
273,3604.jpg,31
274,2044.jpg,10
275,3469.jpg,29
276,1174.jpg,3
277,3054.jpg,21
278,2443.jpg,17
279,1134.jpg,3
280,2419.jpg,16
281,3280.jpg,25
282,2271.jpg,14
283,3395.jpg,28
284,1599.jpg,2
285,1229.jpg,4
286,3330.jpg,26
287,1578.jpg,2
288,3305.jpg,26
289,1437.jpg,7
290,2048.jpg,10
291,2313.jpg,15
292,2041.jpg,10
293,2525.jpg,18
294,2650.jpg,20
295,1304.jpg,5
296,1378.jpg,6
297,2458.jpg,17
298,3329.jpg,26
299,3429.jpg,28
300,3603.jpg,31
301,1338.jpg,6
302,3081.jpg,22
303,1391.jpg,7
304,1346.jpg,6
305,2540.jpg,18
306,1416.jpg,7
307,1011.jpg,0
308,3476.jpg,29
309,3567.jpg,31
310,1274.jpg,5
311,3342.jpg,27
312,2356.jpg,16
313,1158.jpg,3
314,2077.jpg,11
315,2622.jpg,20
316,2431.jpg,17
317,1091.jpg,1
318,2617.jpg,20
319,3287.jpg,26
320,1389.jpg,7
321,3098.jpg,22
322,2280.jpg,14
323,1490.jpg,9
324,1066.jpg,1
325,3514.jpg,30
326,3233.jpg,25
327,2362.jpg,16
328,2219.jpg,13
329,3083.jpg,22
330,2250.jpg,14
331,2086.jpg,11
332,2497.jpg,18
333,3393.jpg,28
334,1332.jpg,6
335,1088.jpg,1
336,2237.jpg,14
337,3093.jpg,22
338,3569.jpg,31
339,1155.jpg,3
340,3450.jpg,29
341,3107.jpg,22
342,1438.jpg,9
343,3425.jpg,28
344,1308.jpg,5
345,3043.jpg,21
346,2113.jpg,11
347,1414.jpg,7
348,3170.jpg,23
349,3621.jpg,31
350,2372.jpg,16
351,1257.jpg,4
352,1222.jpg,4
353,3120.jpg,23
354,1529.jpg,8
355,2509.jpg,18
356,3376.jpg,27
357,3123.jpg,23
358,3502.jpg,29
359,2026.jpg,10
360,2239.jpg,14
361,3144.jpg,23
362,1125.jpg,3
363,2065.jpg,11
364,3456.jpg,29
365,2038.jpg,10
366,3142.jpg,23
367,2424.jpg,17
368,1129.jpg,3
369,1325.jpg,6
370,2438.jpg,17
371,3167.jpg,23
372,3184.jpg,24
373,2072.jpg,11
374,1352.jpg,6
375,1474.jpg,9
376,1285.jpg,5
377,3071.jpg,22
378,2052.jpg,11
379,2306.jpg,15
380,2329.jpg,15
381,2339.jpg,15
382,3568.jpg,31
383,2124.jpg,12
384,1282.jpg,5
385,2255.jpg,14
386,3416.jpg,28
387,1359.jpg,6
388,2420.jpg,16
389,3297.jpg,26
390,1591.jpg,2
391,3491.jpg,29
392,1078.jpg,1
393,2201.jpg,13
394,2261.jpg,14
395,3013.jpg,21
396,3365.jpg,27
397,1467.jpg,9
398,2633.jpg,20
399,3300.jpg,26
400,2664.jpg,20
401,2231.jpg,14
402,1576.jpg,2
403,1062.jpg,1
404,3222.jpg,24
405,3096.jpg,22
406,1432.jpg,7
407,2196.jpg,13
408,2612.jpg,19
409,1203.jpg,4
410,3216.jpg,24
411,3542.jpg,30
412,1168.jpg,3
413,3195.jpg,24
414,1320.jpg,5
415,2069.jpg,11
416,2656.jpg,20
417,2173.jpg,13
418,1053.jpg,0
419,3053.jpg,21
420,3042.jpg,21
421,2430.jpg,17
422,1353.jpg,6
423,3448.jpg,29
424,2654.jpg,20
425,2310.jpg,15
426,1520.jpg,8
427,3562.jpg,30
428,3068.jpg,22
429,2594.jpg,19
430,2464.jpg,17
431,1130.jpg,3
432,2523.jpg,18
433,3129.jpg,23
434,1278.jpg,5
435,2504.jpg,18
436,1574.jpg,2
437,2130.jpg,12
438,1592.jpg,2
439,1061.jpg,1
440,2031.jpg,10
441,3503.jpg,29
442,3163.jpg,23
443,2234.jpg,14
444,2297.jpg,15
445,3111.jpg,23
446,2436.jpg,17
447,1115.jpg,1
448,3134.jpg,23
449,2331.jpg,15
450,2376.jpg,16
451,3039.jpg,21
452,1476.jpg,9
453,1463.jpg,9
454,1100.jpg,1
455,3020.jpg,21
456,1128.jpg,3
457,1548.jpg,8
458,1275.jpg,5
459,2351.jpg,16
460,3255.jpg,25
461,1322.jpg,5
462,1419.jpg,7
463,2341.jpg,15
464,1465.jpg,9
465,3299.jpg,26
466,3398.jpg,28
467,1108.jpg,1
468,2134.jpg,12
469,1562.jpg,2
470,3437.jpg,28
471,1042.jpg,0
472,1194.jpg,3
473,3253.jpg,25
474,3006.jpg,21
475,1024.jpg,0
476,1050.jpg,0
477,3206.jpg,24
478,2017.jpg,10
479,1606.jpg,2
480,2136.jpg,12
481,2571.jpg,19
482,2317.jpg,15
483,2145.jpg,12
484,1291.jpg,5
485,2064.jpg,11
486,1535.jpg,8
487,1086.jpg,1
488,2370.jpg,16
489,1390.jpg,7
490,2422.jpg,16
491,3116.jpg,23
492,3128.jpg,23
493,3077.jpg,22
494,2023.jpg,10
495,3209.jpg,24
496,2139.jpg,12
497,3023.jpg,21
498,3593.jpg,31
499,2648.jpg,20
500,2095.jpg,11
501,1258.jpg,4
502,1545.jpg,8
503,3556.jpg,30
504,3447.jpg,29
505,3332.jpg,26
506,3200.jpg,24
507,2289.jpg,14
508,2207.jpg,13
509,3183.jpg,24
510,2036.jpg,10
511,3148.jpg,23
512,2010.jpg,10
513,3244.jpg,25
514,2675.jpg,20
515,2268.jpg,14
516,1065.jpg,1
517,3011.jpg,21
518,2296.jpg,15
519,2562.jpg,19
520,1364.jpg,6
521,2081.jpg,11
522,2259.jpg,14
523,2459.jpg,17
524,1098.jpg,1
525,2116.jpg,12
526,2416.jpg,16
527,1506.jpg,8
528,1235.jpg,4
529,3495.jpg,29
530,2304.jpg,15
531,2442.jpg,17
532,1033.jpg,0
533,1231.jpg,4
534,1081.jpg,1
535,1601.jpg,2
536,1405.jpg,7
537,3531.jpg,30
538,2421.jpg,16
539,2364.jpg,16
540,3139.jpg,23
541,2135.jpg,12
542,3281.jpg,25
543,2406.jpg,16
544,2227.jpg,13
545,2262.jpg,14
546,1187.jpg,3
547,2260.jpg,14
548,1051.jpg,0
549,1176.jpg,3
550,2083.jpg,11
551,1426.jpg,7
552,1141.jpg,3
553,3176.jpg,24
554,2556.jpg,19
555,1528.jpg,8
556,1039.jpg,0
557,1140.jpg,3
558,3436.jpg,28
559,2361.jpg,16
560,1052.jpg,0
561,2090.jpg,11
562,2637.jpg,20
563,2088.jpg,11
564,2319.jpg,15
565,3284.jpg,26
566,2631.jpg,20
567,3576.jpg,31
568,1516.jpg,8
569,1460.jpg,9
570,2394.jpg,16
571,2453.jpg,17
572,2391.jpg,16
573,2232.jpg,14
574,2192.jpg,13
575,1383.jpg,6
576,1551.jpg,8
577,2582.jpg,19
578,1299.jpg,5
579,2480.jpg,17
580,2583.jpg,19
581,2606.jpg,19
582,1092.jpg,1
583,2190.jpg,13
584,2186.jpg,13
585,3062.jpg,22
586,3110.jpg,22
587,3272.jpg,25
588,2062.jpg,11
589,2473.jpg,17
590,3561.jpg,30
591,3337.jpg,27
592,2433.jpg,17
593,3452.jpg,29
594,3359.jpg,27
595,2545.jpg,18
596,3104.jpg,22
597,1404.jpg,7
598,3250.jpg,25
599,2402.jpg,16
600,1123.jpg,3
601,2526.jpg,18
602,2366.jpg,16
603,1080.jpg,1
604,2368.jpg,16
605,3050.jpg,21
606,3545.jpg,30
607,2144.jpg,12
608,2495.jpg,18
609,2300.jpg,15
610,1572.jpg,2
611,3596.jpg,31
612,3153.jpg,23
613,1355.jpg,6
614,3352.jpg,27
615,2668.jpg,20
616,3449.jpg,29
617,2642.jpg,20
618,2184.jpg,13
619,3056.jpg,22
620,2156.jpg,12
621,1250.jpg,4
622,3458.jpg,29
623,2401.jpg,16
624,2245.jpg,14
625,3127.jpg,23
626,2508.jpg,18
627,2440.jpg,17
628,3087.jpg,22
629,2164.jpg,12
630,2037.jpg,10
631,1198.jpg,4
632,1040.jpg,0
633,2469.jpg,17
634,2014.jpg,10
635,2454.jpg,17
636,3534.jpg,30
637,1603.jpg,2
638,3146.jpg,23
639,2516.jpg,18
640,3415.jpg,28
641,3072.jpg,22
642,3467.jpg,29
643,3512.jpg,30
644,3161.jpg,23
645,3070.jpg,22
646,1238.jpg,4
647,2279.jpg,14
648,1508.jpg,8
649,3243.jpg,25
650,3160.jpg,23
651,2493.jpg,18
652,3282.jpg,26
653,1367.jpg,6
654,2153.jpg,12
655,2528.jpg,18
656,3259.jpg,25
657,2554.jpg,19
658,1312.jpg,5
659,1611.jpg,2
660,1365.jpg,6
661,3046.jpg,21
662,2217.jpg,13
663,3406.jpg,28
664,2105.jpg,11
665,1436.jpg,7
666,3339.jpg,27
667,2055.jpg,11
668,3015.jpg,21
669,1486.jpg,9
670,3405.jpg,28
671,2425.jpg,17
672,2511.jpg,18
673,2274.jpg,14
674,1122.jpg,1
675,3271.jpg,25
676,3404.jpg,28
677,3017.jpg,21
678,2426.jpg,17
679,2460.jpg,17
680,1343.jpg,6
681,2549.jpg,19
682,3496.jpg,29
683,1127.jpg,3
684,1317.jpg,5
685,3113.jpg,23
686,2299.jpg,15
687,1475.jpg,9
688,2213.jpg,13
689,1466.jpg,9
690,2315.jpg,15
691,3119.jpg,23
692,2470.jpg,17
693,1310.jpg,5
694,2170.jpg,13
695,2008.jpg,10
696,3361.jpg,27
697,2555.jpg,19
698,2106.jpg,11
699,3311.jpg,26
700,2240.jpg,14
701,1114.jpg,1
702,3035.jpg,21
703,1374.jpg,6
704,1057.jpg,0
705,2357.jpg,16
706,1288.jpg,5
707,2561.jpg,19
708,1513.jpg,8
709,2027.jpg,10
710,3471.jpg,29
711,3067.jpg,22
712,2389.jpg,16
713,3248.jpg,25
714,2373.jpg,16
715,3433.jpg,28
716,2503.jpg,18
717,3135.jpg,23
718,1370.jpg,6
719,1585.jpg,2
720,1518.jpg,8
721,3016.jpg,21
722,1242.jpg,4
723,1246.jpg,4
724,1580.jpg,2
725,2490.jpg,18
726,3431.jpg,28
727,2045.jpg,10
728,2348.jpg,16
729,2365.jpg,16
730,3261.jpg,25
731,2335.jpg,15
732,2051.jpg,11
733,3460.jpg,29
734,3335.jpg,27
735,1524.jpg,8
736,2312.jpg,15
737,1500.jpg,8
738,2532.jpg,18
739,1347.jpg,6
740,3240.jpg,25
741,1019.jpg,0
742,2343.jpg,15
743,1180.jpg,3
744,3544.jpg,30
745,1354.jpg,6
746,2172.jpg,13
747,2462.jpg,17
748,3099.jpg,22
749,3041.jpg,21
750,3498.jpg,29
751,1214.jpg,4
752,2494.jpg,18
753,3291.jpg,26
754,2513.jpg,18
755,2457.jpg,17
756,3121.jpg,23
757,2283.jpg,14
758,2486.jpg,18
759,1318.jpg,5
760,2160.jpg,12
761,3103.jpg,22
762,2437.jpg,17
763,2609.jpg,19
764,3574.jpg,31
765,3182.jpg,24
766,2624.jpg,20
767,1542.jpg,8
768,3018.jpg,21
769,3155.jpg,23
770,3484.jpg,29
771,3158.jpg,23
772,2058.jpg,11
773,3428.jpg,28
774,2355.jpg,16
775,3201.jpg,24
776,2599.jpg,19
777,1266.jpg,4
778,2484.jpg,17
779,1496.jpg,9
780,1420.jpg,7
781,3399.jpg,28
782,2050.jpg,10
783,3138.jpg,23
784,3435.jpg,28
785,2043.jpg,10
786,3530.jpg,30
787,3614.jpg,31
788,2193.jpg,13
789,2662.jpg,20
790,1469.jpg,9
791,1341.jpg,6
792,2477.jpg,17
793,2625.jpg,20
794,1032.jpg,0
795,3369.jpg,27
796,3442.jpg,28
797,2049.jpg,10
798,3260.jpg,25
799,1031.jpg,0
800,2257.jpg,14
801,1349.jpg,6
802,1443.jpg,9
803,3426.jpg,28
804,2327.jpg,15
805,2658.jpg,20
806,3378.jpg,27
807,1497.jpg,8
808,2019.jpg,10
809,2323.jpg,15
810,1382.jpg,6
811,3419.jpg,28
812,2270.jpg,14
813,1409.jpg,7
814,2194.jpg,13
815,1094.jpg,1
816,2288.jpg,14
817,3137.jpg,23
818,3008.jpg,21
819,3294.jpg,26
820,3242.jpg,25
821,2536.jpg,18
822,1536.jpg,8
823,3180.jpg,24
824,3595.jpg,31
825,1226.jpg,4
826,1589.jpg,2
827,2078.jpg,11
828,3174.jpg,23
829,2126.jpg,12
830,2122.jpg,12
831,3385.jpg,27
832,3175.jpg,23
833,3349.jpg,27
834,2338.jpg,15
835,1161.jpg,3
836,2417.jpg,16
837,1590.jpg,2
838,2387.jpg,16
839,2265.jpg,14
840,2535.jpg,18
841,1171.jpg,3
842,1461.jpg,9
843,2179.jpg,13
844,3547.jpg,30
845,1093.jpg,1
846,1069.jpg,1
847,2553.jpg,19
848,2616.jpg,20
849,2491.jpg,18
850,2434.jpg,17
851,3608.jpg,31
852,3594.jpg,31
853,1395.jpg,7
854,3613.jpg,31
855,3001.jpg,21
856,2056.jpg,11
857,2301.jpg,15
858,3057.jpg,22
859,2455.jpg,17
860,1290.jpg,5
861,2057.jpg,11
862,2518.jpg,18
863,2541.jpg,18
864,1197.jpg,4
865,2463.jpg,17
866,1029.jpg,0
867,1530.jpg,8
868,1256.jpg,4
869,1038.jpg,0
870,2218.jpg,13
871,2109.jpg,11
872,2396.jpg,16
873,1425.jpg,7
874,2307.jpg,15
875,1261.jpg,4
876,1156.jpg,3
877,2388.jpg,16
878,2291.jpg,15
879,3430.jpg,28
880,1566.jpg,2
881,1188.jpg,3
882,3082.jpg,22
883,1232.jpg,4
884,1160.jpg,3
885,1567.jpg,2
886,3353.jpg,27
887,3022.jpg,21
888,2121.jpg,12
889,1043.jpg,0
890,1234.jpg,4
891,1217.jpg,4
892,1427.jpg,7
893,1396.jpg,7
894,2180.jpg,13
895,1289.jpg,5
896,3350.jpg,27
897,1558.jpg,2
898,1398.jpg,7
899,2626.jpg,20
900,2663.jpg,20
901,2208.jpg,13
902,1089.jpg,1
903,1003.jpg,0
904,1552.jpg,2
905,3527.jpg,30
906,1145.jpg,3
907,1075.jpg,1
908,1356.jpg,6
909,3316.jpg,26
910,1260.jpg,4
911,3543.jpg,30
912,1307.jpg,5
913,2177.jpg,13
914,3470.jpg,29
915,3444.jpg,28
916,1110.jpg,1
917,1342.jpg,6
918,1412.jpg,7
919,1449.jpg,9
920,1154.jpg,3
921,2182.jpg,13
922,2353.jpg,16
923,1337.jpg,6
924,3269.jpg,25
925,3472.jpg,29
926,1594.jpg,2
927,3079.jpg,22
928,3188.jpg,24
929,3445.jpg,28
930,2168.jpg,13
931,3021.jpg,21
932,3581.jpg,31
933,1612.jpg,2
934,2149.jpg,12
935,1177.jpg,3
936,3441.jpg,28
937,1041.jpg,0
938,1598.jpg,2
939,3455.jpg,29
940,1523.jpg,8
941,2003.jpg,10
942,2256.jpg,14
943,2558.jpg,19
944,3575.jpg,31
945,2334.jpg,15
946,3550.jpg,30
947,2015.jpg,10
948,3592.jpg,31
949,2264.jpg,14
950,1072.jpg,1
951,2505.jpg,18
952,1201.jpg,4
953,1399.jpg,7
954,3115.jpg,23
955,1137.jpg,3
956,1519.jpg,8
957,3058.jpg,22
958,1315.jpg,5
959,2309.jpg,15
960,2174.jpg,13
961,2039.jpg,10
962,3140.jpg,23
963,1517.jpg,8
964,2349.jpg,16
965,2628.jpg,20
966,3422.jpg,28
967,2200.jpg,13
968,1385.jpg,6
969,3125.jpg,23
970,2123.jpg,12
971,1271.jpg,5
972,3166.jpg,23
973,1227.jpg,4
974,3278.jpg,25
975,3439.jpg,28
976,3019.jpg,21
977,2342.jpg,15
978,2538.jpg,18
979,1394.jpg,7
980,2588.jpg,19
981,1208.jpg,4
982,1048.jpg,0
983,2203.jpg,13
984,2618.jpg,20
985,2439.jpg,17
986,3519.jpg,30
987,3301.jpg,26
988,3295.jpg,26
989,1380.jpg,6
990,3553.jpg,30
991,1272.jpg,5
992,1023.jpg,0
993,1302.jpg,5
994,3446.jpg,28
995,1434.jpg,7
996,3483.jpg,29
997,1431.jpg,7
998,1600.jpg,2
999,3145.jpg,23
1000,1097.jpg,1
1001,1498.jpg,8
1002,1505.jpg,8
1003,3165.jpg,23
1004,2649.jpg,20
1005,1503.jpg,8
1006,3010.jpg,21
1007,2206.jpg,13
1008,3247.jpg,25
1009,1223.jpg,4
1010,2461.jpg,17
1011,1531.jpg,8
1012,2409.jpg,16
1013,3314.jpg,26
1014,3202.jpg,24
1015,1351.jpg,6
1016,1124.jpg,3
1017,3126.jpg,23
1018,2117.jpg,12
1019,1071.jpg,1
1020,2158.jpg,12
1021,2236.jpg,14
1022,3040.jpg,21
1023,3588.jpg,31
1024,3487.jpg,29
1025,2084.jpg,11
1026,3463.jpg,29
1027,1493.jpg,9
1028,2423.jpg,16
1029,2224.jpg,13
1030,3504.jpg,29
1031,1209.jpg,4
1032,1615.jpg,2
1033,3322.jpg,26
1034,3578.jpg,31
1035,2604.jpg,19
1036,2285.jpg,14
1037,3366.jpg,27
1038,2150.jpg,12
1039,3560.jpg,30
1040,3605.jpg,31
1041,3262.jpg,25
1042,1613.jpg,2
1043,2046.jpg,10
1044,2661.jpg,20
1045,1417.jpg,7
1046,1213.jpg,4
1047,3092.jpg,22
1048,3205.jpg,24
1049,3506.jpg,29
1050,3310.jpg,26
1051,1560.jpg,2
1052,2243.jpg,14
1053,1454.jpg,9
1054,2576.jpg,19
1055,2482.jpg,17
1056,2601.jpg,19
1057,3149.jpg,23
1058,3172.jpg,23
1059,3551.jpg,30
1060,3532.jpg,30
1061,1537.jpg,8
1062,3221.jpg,24
1063,2002.jpg,10
1064,1083.jpg,1
1065,2087.jpg,11
1066,2281.jpg,14
1067,2390.jpg,16
1068,2579.jpg,19
1069,1445.jpg,9
1070,1444.jpg,9
1071,1495.jpg,9
1072,3219.jpg,24
1073,2552.jpg,19
1074,2534.jpg,18
1075,2412.jpg,16
1076,1277.jpg,5
1077,2533.jpg,18
1078,2529.jpg,18
1079,2100.jpg,11
1080,2254.jpg,14
1081,1515.jpg,8
1082,1571.jpg,2
1083,3615.jpg,31
1084,1119.jpg,1
1085,3196.jpg,24
1086,2225.jpg,13
1087,1554.jpg,2
1088,2597.jpg,19
1089,1249.jpg,4
1090,1415.jpg,7
1091,2185.jpg,13
1092,2548.jpg,19
1093,2199.jpg,13
1094,3526.jpg,30
1095,3076.jpg,22
1096,2209.jpg,13
1097,3475.jpg,29
1098,1109.jpg,1
1099,3038.jpg,21
1100,3313.jpg,26
1101,1239.jpg,4
1102,3028.jpg,21
1103,2466.jpg,17
1104,1055.jpg,0
1105,3179.jpg,24
1106,1595.jpg,2
1107,3499.jpg,29
1108,2573.jpg,19
1109,2569.jpg,19
1110,2333.jpg,15
1111,2546.jpg,18
1112,2195.jpg,13
1113,2205.jpg,13
1114,2542.jpg,18
1115,3290.jpg,26
1116,3095.jpg,22
1117,1422.jpg,7
1118,1377.jpg,6
1119,1044.jpg,0
1120,2586.jpg,19
1121,2241.jpg,14
1122,3213.jpg,24
1123,2157.jpg,12
1124,2471.jpg,17
1125,2487.jpg,18
1126,2053.jpg,11
1127,3044.jpg,21
1128,3586.jpg,31
1129,2114.jpg,12
1130,3224.jpg,24
1131,1303.jpg,5
1132,2330.jpg,15
1133,3323.jpg,26
1134,3100.jpg,22
1135,1159.jpg,3
1136,1345.jpg,6
1137,3457.jpg,29
1138,2340.jpg,15
1139,1543.jpg,8
1140,1237.jpg,4
1141,3162.jpg,23
1142,1386.jpg,7
1143,3354.jpg,27
1144,2028.jpg,10
1145,2379.jpg,16
1146,3417.jpg,28
1147,1004.jpg,0
1148,3143.jpg,23
1149,2563.jpg,19
1150,2140.jpg,12
1151,2328.jpg,15
1152,2018.jpg,10
1153,1550.jpg,8
1154,1220.jpg,4
1155,2589.jpg,19
1156,1046.jpg,0
1157,1451.jpg,9
1158,2488.jpg,18
1159,3024.jpg,21
1160,2089.jpg,11
1161,2510.jpg,18
1162,3229.jpg,24
1163,2520.jpg,18
1164,1102.jpg,1
1165,1455.jpg,9
1166,1616.jpg,2
1167,3051.jpg,21
1168,2456.jpg,17
1169,2411.jpg,16
1170,2566.jpg,19
1171,3049.jpg,21
1172,3482.jpg,29
1173,3464.jpg,29
1174,3187.jpg,24
1175,1276.jpg,5
1176,2137.jpg,12
1177,3048.jpg,21
1178,2169.jpg,13
1179,3264.jpg,25
1180,2311.jpg,15
1181,3214.jpg,24
1182,3186.jpg,24
1183,2154.jpg,12
1184,3563.jpg,30
1185,1487.jpg,9
1186,2479.jpg,17
1187,1070.jpg,1
1188,2367.jpg,16
1189,2066.jpg,11
1190,1424.jpg,7
1191,1539.jpg,8
1192,3345.jpg,27
1193,3590.jpg,31
1194,3273.jpg,25
1195,1586.jpg,2
1196,3427.jpg,28
1197,2273.jpg,14
1198,2449.jpg,17
1199,3085.jpg,22
1200,3546.jpg,30
1201,2383.jpg,16
1202,3285.jpg,26
1203,3122.jpg,23
1204,2585.jpg,19
1205,2432.jpg,17
1206,1224.jpg,4
1207,3147.jpg,23
1208,2451.jpg,17
1209,2428.jpg,17
1210,2485.jpg,17
1211,1151.jpg,3
1212,2155.jpg,12
1213,3258.jpg,25
1214,2025.jpg,10
1215,1334.jpg,6
1216,2634.jpg,20
1217,3440.jpg,28
1218,2215.jpg,13
1219,2163.jpg,12
1220,2567.jpg,19
1221,1056.jpg,0
1222,2580.jpg,19
1223,3185.jpg,24
1224,2034.jpg,10
1225,2636.jpg,20
1226,1112.jpg,1
1227,1191.jpg,3
1228,1468.jpg,9
1229,1473.jpg,9
1230,3411.jpg,28
1231,1164.jpg,3
1232,1008.jpg,0
1233,2009.jpg,10
1234,2531.jpg,18
1235,1326.jpg,6
1236,1408.jpg,7
1237,1381.jpg,6
1238,2444.jpg,17
1239,1379.jpg,6
1240,2171.jpg,13
1241,1309.jpg,5
1242,3228.jpg,24
1243,1233.jpg,4
1244,1553.jpg,2
1245,2131.jpg,12
1246,2103.jpg,11
1247,2178.jpg,13
1248,2547.jpg,19
1249,3063.jpg,22
1250,1328.jpg,6
1251,1132.jpg,3
1252,3223.jpg,24
1253,1200.jpg,4
1254,2363.jpg,16
1255,1193.jpg,3
1256,2108.jpg,11
1257,2295.jpg,15
1258,1575.jpg,2
1259,2054.jpg,11
1260,3014.jpg,21
1261,3005.jpg,21
1262,3577.jpg,31
1263,3169.jpg,23
1264,1054.jpg,0
1265,1059.jpg,0
1266,2595.jpg,19
1267,1076.jpg,1
1268,3052.jpg,21
1269,1184.jpg,3
1270,2202.jpg,13
1271,3164.jpg,23
1272,1118.jpg,1
1273,3208.jpg,24
1274,1446.jpg,9
1275,3192.jpg,24
1276,3454.jpg,29
1277,1294.jpg,5
1278,1411.jpg,7
1279,1375.jpg,6
1280,3336.jpg,27
1281,2476.jpg,17
1282,3351.jpg,27
1283,1512.jpg,8
1284,2253.jpg,14
1285,2427.jpg,17
1286,3198.jpg,24
1287,2608.jpg,19
1288,1240.jpg,4
1289,2414.jpg,16
1290,3034.jpg,21
1291,3408.jpg,28
1292,1563.jpg,2
1293,1329.jpg,6
1294,1350.jpg,6
1295,2527.jpg,18
1296,1292.jpg,5
1297,2197.jpg,13
1298,1458.jpg,9
1299,3597.jpg,31
1300,3256.jpg,25
1301,1269.jpg,5
1302,2393.jpg,16
1303,1207.jpg,4
1304,2374.jpg,16
1305,1501.jpg,8
1306,1189.jpg,3
1307,1172.jpg,3
1308,3210.jpg,24
1309,1259.jpg,4
1310,2621.jpg,20
1311,2598.jpg,19
1312,2071.jpg,11
1313,3027.jpg,21
1314,1491.jpg,9
1315,3105.jpg,22
1316,2492.jpg,18
1317,2096.jpg,11
1318,1397.jpg,7
1319,3555.jpg,30
1320,3009.jpg,21
1321,1116.jpg,1
1322,2392.jpg,16
1323,1015.jpg,0
1324,1336.jpg,6
1325,1372.jpg,6
1326,1179.jpg,3
1327,3585.jpg,31
1328,2524.jpg,18
1329,3037.jpg,21
1330,1421.jpg,7
1331,1013.jpg,0
1332,3609.jpg,31
1333,3617.jpg,31
1334,1538.jpg,8
1335,2596.jpg,19
1336,2337.jpg,15
1337,2619.jpg,20
1338,1609.jpg,2
1339,1507.jpg,8
1340,2128.jpg,12
1341,1457.jpg,9
1342,2226.jpg,13
1343,2481.jpg,17
1344,3315.jpg,26
1345,3611.jpg,31
1346,1096.jpg,1
1347,3478.jpg,29
1348,3620.jpg,31
1349,1413.jpg,7
1350,1499.jpg,8
1351,1099.jpg,1
1352,2110.jpg,11
1353,2152.jpg,12
1354,1175.jpg,3
1355,1264.jpg,4
1356,3400.jpg,28
1357,2175.jpg,13
1358,3587.jpg,31
1359,2521.jpg,18
1360,2600.jpg,19
1361,1555.jpg,2
1362,3252.jpg,25
1363,3489.jpg,29
1364,1464.jpg,9
1365,2550.jpg,19
1366,2564.jpg,19
1367,1366.jpg,6
1368,2645.jpg,20
1369,3584.jpg,31
1370,3333.jpg,26
1371,1196.jpg,4
1372,1205.jpg,4
1373,2581.jpg,19
1374,1331.jpg,6
1375,1152.jpg,3
1376,2267.jpg,14
1377,3481.jpg,29
1378,3535.jpg,30
1379,2230.jpg,13
1380,1295.jpg,5
1381,3488.jpg,29
1382,1369.jpg,6
1383,1362.jpg,6
1384,1287.jpg,5
1385,1244.jpg,4
1386,1146.jpg,3
1387,2638.jpg,20
1388,2012.jpg,10
1389,2659.jpg,20
1390,1339.jpg,6
1391,2591.jpg,19
1392,3094.jpg,22
1393,2006.jpg,10
1394,1614.jpg,2
1395,3218.jpg,24
1396,2517.jpg,18
1397,3031.jpg,21
1398,2499.jpg,18
1399,1064.jpg,1
1400,2450.jpg,17
1401,2632.jpg,20
1402,2247.jpg,14
1403,1401.jpg,7
1404,3307.jpg,26
1405,3276.jpg,25
1406,1279.jpg,5
1407,3384.jpg,27
1408,3616.jpg,31
1409,3355.jpg,27
1410,2013.jpg,10
1411,1470.jpg,9
1412,1296.jpg,5
1413,2004.jpg,10
1414,1607.jpg,2
1415,2502.jpg,18
1416,2623.jpg,20
1417,2266.jpg,14
1418,2242.jpg,14
1419,2115.jpg,12
1420,3059.jpg,22
1421,2630.jpg,20
1422,3130.jpg,23
1423,1384.jpg,6
1424,1608.jpg,2
1425,2603.jpg,19
1426,1410.jpg,7
1427,1324.jpg,6
1428,3524.jpg,30
1429,3091.jpg,22
1430,1402.jpg,7
1431,2377.jpg,16
1432,3306.jpg,26
1433,1605.jpg,2
1434,2590.jpg,19
1435,3324.jpg,26
1436,3402.jpg,28
1437,2407.jpg,16
1438,1511.jpg,8
1439,2298.jpg,15
1440,2611.jpg,19
1441,3236.jpg,25
1442,3529.jpg,30
1443,1433.jpg,7
1444,2448.jpg,17
1445,3413.jpg,28
1446,1485.jpg,9
1447,1067.jpg,1
1448,3029.jpg,21
1449,1298.jpg,5
1450,1453.jpg,9
1451,1009.jpg,0
1452,1101.jpg,1
1453,3117.jpg,23
1454,2578.jpg,19
1455,2522.jpg,18
1456,2474.jpg,17
1457,2303.jpg,15
1458,1012.jpg,0
1459,3106.jpg,22
1460,2324.jpg,15
1461,2119.jpg,12
1462,3558.jpg,30
1463,2322.jpg,15
1464,1095.jpg,1
1465,3303.jpg,26
1466,2287.jpg,14
1467,2235.jpg,14
1468,1085.jpg,1
1469,3539.jpg,30
1470,1579.jpg,2
1471,1138.jpg,3
1472,2646.jpg,20
1473,3030.jpg,21
1474,3341.jpg,27
1475,3392.jpg,28
1476,3235.jpg,25
1477,3230.jpg,25
1478,3409.jpg,28
1479,2001.jpg,10
1480,3036.jpg,21
1481,3573.jpg,31
1482,1314.jpg,5
1483,1387.jpg,7
1484,1148.jpg,3
1485,3516.jpg,30
1486,2672.jpg,20
1487,3348.jpg,27
1488,2644.jpg,20
1489,3536.jpg,30
1490,3582.jpg,31
1491,1190.jpg,3
1492,3270.jpg,25
1493,2229.jpg,13
1494,1251.jpg,4
1495,2305.jpg,15
1496,2047.jpg,10
1497,3338.jpg,27
1498,2640.jpg,20
1499,3279.jpg,25
1500,3485.jpg,29
1501,1429.jpg,7
1502,1483.jpg,9
1503,3515.jpg,30
1504,2559.jpg,19
1505,3112.jpg,23
1506,2418.jpg,16
1507,1333.jpg,6
1508,3003.jpg,21
1509,1340.jpg,6
1510,1363.jpg,6
1511,2405.jpg,16
1512,2252.jpg,14
1513,2118.jpg,12
1514,3517.jpg,30
1515,1049.jpg,0
1516,2211.jpg,13
1517,1321.jpg,5
1518,3298.jpg,26
1519,3379.jpg,27
1520,1305.jpg,5
1521,1165.jpg,3
1522,3102.jpg,22
1523,3118.jpg,23
1524,3025.jpg,21
1525,3465.jpg,29
1526,3060.jpg,22
1527,2404.jpg,16
1528,3327.jpg,26
1529,3157.jpg,23
1530,3344.jpg,27
1531,1348.jpg,6
1532,2465.jpg,17
1533,3549.jpg,30
1534,3211.jpg,24
1535,2286.jpg,14
1536,3245.jpg,25
1537,3292.jpg,26
1538,1610.jpg,2
1539,3591.jpg,31
1540,2665.jpg,20
1541,2375.jpg,16
1542,1494.jpg,9
1543,2467.jpg,17
1544,1481.jpg,9
1545,3293.jpg,26
1546,1047.jpg,0
1547,2091.jpg,11
1548,2539.jpg,18
1549,3318.jpg,26
1550,3321.jpg,26
1551,1297.jpg,5
1552,3239.jpg,25
1553,1139.jpg,3
1554,1435.jpg,7
1555,2143.jpg,12
1556,1153.jpg,3
1557,1510.jpg,8
1558,3540.jpg,30
1559,1006.jpg,0
1560,1568.jpg,2
1561,1587.jpg,2
1562,1268.jpg,5
1563,3334.jpg,26
1564,1583.jpg,2
1565,3368.jpg,27
1566,2120.jpg,12
1567,3212.jpg,24
1568,3480.jpg,29
1569,2093.jpg,11
1570,3387.jpg,27
1571,2607.jpg,19
1572,2059.jpg,11
1573,3466.jpg,29
1574,1527.jpg,8
1575,3080.jpg,22
1576,2238.jpg,14
1577,2445.jpg,17
1578,3328.jpg,26
1579,1502.jpg,8
1580,2098.jpg,11
1581,1472.jpg,9
1582,3589.jpg,31
1583,1514.jpg,8
1584,2198.jpg,13
1585,2399.jpg,16
1586,3234.jpg,25
1587,2574.jpg,19
1588,2435.jpg,17
1589,1532.jpg,8
1590,2670.jpg,20
1591,1267.jpg,4
1592,2020.jpg,10
1593,1284.jpg,5
1594,2657.jpg,20
1595,3226.jpg,24
1596,3151.jpg,23
1597,1150.jpg,3
1598,2129.jpg,12
1599,1133.jpg,3
1600,2441.jpg,17
1601,3410.jpg,28
1602,1357.jpg,6
1603,3360.jpg,27
1604,2204.jpg,13
1605,3473.jpg,29
1606,1597.jpg,2
1607,3033.jpg,21
1608,1192.jpg,3
1609,3462.jpg,29
1610,1236.jpg,4
1611,3088.jpg,22
1612,1368.jpg,6
1613,3308.jpg,26
1614,2094.jpg,11
1615,3414.jpg,28
1616,3507.jpg,29
1617,2220.jpg,13
1618,3066.jpg,22
1619,1018.jpg,0
1620,1428.jpg,7
1621,1107.jpg,1
1622,2551.jpg,19
1623,2475.jpg,17
1624,1581.jpg,2
1625,1136.jpg,3
1626,1521.jpg,8
1627,1459.jpg,9
1628,1211.jpg,4
1629,3217.jpg,24
1630,1007.jpg,0
1631,2344.jpg,15
1632,1030.jpg,0
1633,1504.jpg,8
1634,1479.jpg,9
1635,3075.jpg,22
1636,1225.jpg,4
1637,3382.jpg,27
1638,1182.jpg,3
1639,3493.jpg,29
1640,1477.jpg,9
1641,3055.jpg,21
1642,3032.jpg,21
1643,2605.jpg,19
1644,2021.jpg,10
1645,3375.jpg,27
1646,3606.jpg,31
1647,2530.jpg,18
1648,2359.jpg,16
1649,2673.jpg,20
1650,1492.jpg,9
1651,1036.jpg,0
1652,1149.jpg,3
1653,2506.jpg,18
1654,3474.jpg,29
1655,3074.jpg,22
1656,2501.jpg,18
1657,2452.jpg,17
1658,3362.jpg,27
1659,1169.jpg,3
1660,1142.jpg,3
1661,3420.jpg,28
1662,1270.jpg,5
1663,3453.jpg,29
1664,1570.jpg,2
1665,3572.jpg,31
1666,3505.jpg,29
1667,1027.jpg,0
1668,3347.jpg,27
1669,3069.jpg,22
1670,1440.jpg,9
1671,2223.jpg,13
1672,2278.jpg,14
1673,1596.jpg,2
1674,2244.jpg,14
1675,3607.jpg,31
1676,2269.jpg,14
1677,1135.jpg,3
1678,1561.jpg,2
1679,1456.jpg,9
1680,3249.jpg,25
1681,1106.jpg,1
1682,3061.jpg,22
1683,3424.jpg,28
1684,1204.jpg,4
1685,1247.jpg,4
1686,3317.jpg,26
1687,2346.jpg,15
1688,1418.jpg,7
1689,1252.jpg,4
1690,1016.jpg,0
1691,2587.jpg,19
1692,2639.jpg,20
1693,2005.jpg,10
1694,1604.jpg,2
1695,3509.jpg,29
1696,2378.jpg,16
1697,3490.jpg,29
1698,2067.jpg,11
1699,2187.jpg,13
1700,3363.jpg,27
1701,2369.jpg,16
1702,3373.jpg,27
1703,1210.jpg,4
1704,2151.jpg,12
1705,2653.jpg,20
1706,2397.jpg,16
1707,1534.jpg,8
1708,2068.jpg,11
1709,3086.jpg,22
1710,1245.jpg,4
1711,1087.jpg,1
1712,3386.jpg,27
1713,3552.jpg,30
1714,2032.jpg,10
1715,2400.jpg,16
1716,1113.jpg,1
1717,3173.jpg,23
1718,2040.jpg,10
1719,3177.jpg,24
1720,3109.jpg,22
1721,2016.jpg,10
1722,2082.jpg,11
1723,2512.jpg,18
1724,3522.jpg,30
1725,1406.jpg,7
1726,3520.jpg,30
1727,3518.jpg,30
1728,2635.jpg,20
1729,1556.jpg,2
1730,3283.jpg,26
1731,3461.jpg,29
1732,1202.jpg,4
1733,1199.jpg,4
1734,3004.jpg,21
1735,3254.jpg,25
1736,3403.jpg,28
1737,1281.jpg,5
1738,1462.jpg,9
1739,2249.jpg,14
1740,1157.jpg,3
1741,2282.jpg,14
1742,1306.jpg,5
1743,1073.jpg,1
1744,1084.jpg,1
1745,2248.jpg,14
1746,3156.jpg,23
1747,1582.jpg,2
1748,2321.jpg,15
1749,1063.jpg,1
1750,1544.jpg,8
1751,1126.jpg,3
1752,1218.jpg,4
1753,2101.jpg,11
1754,3421.jpg,28
1755,1001.jpg,0
1756,1028.jpg,0
1757,1301.jpg,5
1758,1117.jpg,1
1759,3583.jpg,31
1760,1206.jpg,4
1761,3289.jpg,26
1762,3479.jpg,29
1763,2085.jpg,11
1764,2147.jpg,12
1765,3286.jpg,26
1766,3602.jpg,31
1767,2515.jpg,18
1768,3124.jpg,23
1769,2210.jpg,13
1770,2371.jpg,16
1771,1104.jpg,1
1772,1573.jpg,2
1773,3136.jpg,23
1774,2132.jpg,12
1775,2354.jpg,16
1776,2380.jpg,16
1777,1311.jpg,5
1778,2381.jpg,16
1779,2602.jpg,19
1780,3388.jpg,27
1781,2222.jpg,13
1782,1022.jpg,0
1783,3601.jpg,31
1784,2413.jpg,16
1785,2514.jpg,18
1786,3537.jpg,30
1787,1564.jpg,2
1788,3570.jpg,31
1789,2468.jpg,17
1790,2294.jpg,15
1791,1557.jpg,2
1792,1358.jpg,6
1793,1316.jpg,5
1794,2403.jpg,16
1795,2233.jpg,14
1796,3191.jpg,24
1797,2651.jpg,20
1798,1293.jpg,5
1799,2246.jpg,14
1800,2102.jpg,11
1801,1602.jpg,2
1802,3325.jpg,26
1803,1082.jpg,1
1804,3045.jpg,21
1805,3356.jpg,27
1806,2318.jpg,15
1807,2386.jpg,16
1808,3610.jpg,31
1809,2111.jpg,11
1810,1400.jpg,7
1811,1045.jpg,0
1812,3304.jpg,26
1813,3412.jpg,28
1814,1228.jpg,4
1815,3065.jpg,22
1816,1074.jpg,1
1817,1221.jpg,4
1818,3141.jpg,23
1819,1373.jpg,6
1820,1388.jpg,7
1821,3277.jpg,25
1822,2022.jpg,10
1823,3267.jpg,25
1824,2570.jpg,19
1825,3533.jpg,30
1826,2671.jpg,20
1827,3619.jpg,31
1828,3302.jpg,26
1829,3084.jpg,22
1830,3168.jpg,23
1831,2107.jpg,11
1832,1212.jpg,4
1833,3189.jpg,24
1834,3257.jpg,25
1835,3367.jpg,27
1836,1181.jpg,3
1837,3263.jpg,25
1838,3370.jpg,27
1839,3207.jpg,24
1840,3108.jpg,22
1841,1058.jpg,0
1842,3492.jpg,29
1843,2350.jpg,16
1844,1014.jpg,0
1845,3204.jpg,24
1846,1166.jpg,3
1847,1547.jpg,8
1848,2655.jpg,20
1849,3154.jpg,23
1850,3181.jpg,24
1851,3566.jpg,31
1852,2352.jpg,16
1853,1005.jpg,0
1854,3268.jpg,25
1855,3389.jpg,27
1856,2263.jpg,14
1857,3508.jpg,29
1858,3580.jpg,31
1859,2181.jpg,13
1860,2127.jpg,12
1861,1565.jpg,2
1862,2212.jpg,13
1863,2292.jpg,15
1864,3101.jpg,22
1865,3002.jpg,21
1866,2610.jpg,19
1867,1195.jpg,4
1868,1026.jpg,0
1869,2030.jpg,10
1870,3407.jpg,28
1871,3510.jpg,29
1872,2159.jpg,12
1873,3383.jpg,27
1874,3231.jpg,25
1875,3288.jpg,26
1876,3511.jpg,30
1877,1593.jpg,2
1878,3131.jpg,23
1879,1360.jpg,6
1880,1403.jpg,7
1881,1286.jpg,5
1882,2214.jpg,13
1883,1569.jpg,2
1884,3225.jpg,24
1885,3377.jpg,27
1886,2060.jpg,11
1887,2162.jpg,12
1888,3548.jpg,30
1889,3089.jpg,22
1890,1248.jpg,4
1891,3434.jpg,28
1892,1170.jpg,3
1893,1111.jpg,1
1894,2496.jpg,18
1895,2498.jpg,18
1896,3133.jpg,23
1897,1441.jpg,9
1898,3012.jpg,21
1899,2302.jpg,15
1900,3418.jpg,28
1901,3525.jpg,30
1902,3246.jpg,25
1903,3007.jpg,21
1904,3026.jpg,21
1905,1035.jpg,0
1906,1010.jpg,0
